hemi,mode_k,beta_mean,beta_sem,N_subj,t,p,sig_q05
L,0,486.0205051314027,9.318474802381933,49,52.156658191227706,6.299596344586137e-44,1
L,1,0.13752994035987404,0.09921972465763355,49,1.3861149165091242,0.17211759185545633,0
L,2,9.053435549589434,0.2431639372010447,49,37.231818392972365,4.541981795633291e-37,1
L,3,25.02845324712904,0.36725647286452695,49,68.14979475218534,1.9839095624656712e-49,1
L,4,1.9326045314215519,0.11226671050827022,49,17.214404186886593,3.5684579596850253e-22,1
L,5,0.0011883354039586235,0.03518075939767918,49,0.03377799184280872,0.9731942598813661,0
L,6,3.051651051816774,0.09128922896789883,49,33.42838017494773,6.632865484786403e-35,1
L,7,0.06965458898580723,0.0365116986044431,49,1.9077334566223378,0.06241788097611654,0
L,8,4.282342211057438,0.13113862117418032,49,32.65508034715087,1.9474185999590573e-34,1
L,9,0.32113250328557275,0.02617182987568686,49,12.270158594600174,2.0748052821220031e-16,1
L,10,1.0929373422666941,0.027560934339000677,49,39.6553080829379,2.4168809003853937e-38,1
L,11,2.897446918643434,0.05391819529459587,49,53.73783196586033,1.5381860852967202e-44,1
L,12,0.9315657010060585,0.02936649385531,49,31.722060712999088,7.370872476470541e-34,1
L,13,1.4718699043646635,0.032709504802778226,49,44.99823256999135,6.548559494766888e-41,1
L,14,2.8736429651120585,0.06951657409665739,49,41.33752277717946,3.478068795085982e-39,1
L,15,0.7782407688477923,0.03232365318357261,49,24.076510301233725,1.90420817146142e-28,1
L,16,0.0157104356645915,0.005544436805767811,49,2.8335494144776123,0.006713164530285341,1
L,17,1.2759918670415369,0.0454453840286301,49,28.077480129503932,1.9226702493450212e-31,1
L,18,0.10503138060449058,0.00886460054897382,49,11.848405353882434,7.390806210510852e-16,1
L,19,0.9457399704305174,0.033428831369146574,49,28.291146644850894,1.3636234587053187e-31,1
L,20,0.5300626828806531,0.01795886109360021,49,29.51538408354555,1.9890865824965112e-32,1
L,21,0.25464986358986114,0.011820532720213939,49,21.54301076079186,2.5397069544703496e-26,1
L,22,0.21577758871617536,0.010227242998777314,49,21.098314447204586,6.293477148020128e-26,1
L,23,0.006225934775805365,0.0073072845313770715,49,0.8520175653584514,0.3984354706703036,0
L,24,0.012570440594216683,0.00751770447691037,49,1.6721115644842282,0.10100955004855935,0
L,25,0.16162073448978706,0.008654747286954801,49,18.67422919828013,1.179953141166591e-23,1
L,26,0.4608036264188806,0.01884198022172181,49,24.45622068362259,9.49758878461506e-29,1
L,27,0.0970397971411872,0.009089302947981005,49,10.676263922168259,2.8466480238460914e-14,1
L,28,0.20515675047191287,0.008189843164578374,49,25.050143983126528,3.2586113289462006e-29,1
L,29,0.09990450264929339,0.008126207342321393,49,12.294111932018943,1.931708898988394e-16,1
L,30,0.050036659876120416,0.011784210571127841,49,4.246076525373182,9.916122739244131e-05,1
L,31,0.06888833135811721,0.005740796805829473,49,11.999785689708578,4.672159825181265e-16,1
L,32,0.32777927007131996,0.012004222518311531,49,27.30533106757372,6.786509064092267e-31,1
L,33,1.100903889631912,0.0358560229017769,49,30.703457900160902,3.285141392717056e-33,1
L,34,0.03509071505253221,0.006042932182397181,49,5.806902012693451,4.938050795318357e-07,1
L,35,0.008987137638707133,0.0044733350001460795,49,2.0090464135625106,0.050174132696724334,0
L,36,0.7287585960075557,0.020545023431409903,49,35.47129544244791,4.288565644959124e-36,1
L,37,0.0003065992607398928,0.003903193569289852,49,0.07855087258602846,0.9377164187722149,0
L,38,0.20977247502978866,0.009367522746442137,49,22.393591209528896,4.668291179589516e-27,1
L,39,0.26251408294402934,0.00982060867031914,49,26.73093814820527,1.7702672814097452e-30,1
L,40,0.03263624292563952,0.005467441785987172,49,5.969198064309504,2.794038025776391e-07,1
L,41,1.1060169965028508,0.025513823023786575,49,43.349716562339935,3.765919108373581e-40,1
L,42,0.0034238263769111577,0.0021707854214184303,49,1.5772293028732283,0.12131127691076997,0
L,43,0.0005512809458649351,0.0035808249028500385,49,0.1539536170635323,0.8782917764224316,0
L,44,0.00839569720707382,0.003705838549640039,49,2.265532374012711,0.02802970860037232,1
L,45,0.18484321995721192,0.007926049560607268,49,23.32097705720753,7.817241271087383e-28,1
L,46,0.29223673717030507,0.0128696846864038,49,22.707373513124153,2.53284143813218e-27,1
L,47,0.021736349852836623,0.0034684727270674286,49,6.2668360293594025,9.795738434566062e-08,1
L,48,1.7073241583765755,0.04401310709346184,49,38.79126630962619,6.743253488677681e-38,1
L,49,0.13496500499878444,0.00661836769178327,49,20.392491212953313,2.744264174782541e-25,1
L,50,0.0019056541780609216,0.003594755893971633,49,0.5301206074261351,0.5984722079737371,0
L,51,0.14686679531589092,0.007141495054527527,49,20.565272984790642,1.9065497557764183e-25,1
L,52,0.02380491339006965,0.005941791076604649,49,4.006353148935123,0.00021367287763240749,1
L,53,0.22327258314737253,0.012266835108310361,49,18.20131934406724,3.481127821228263e-23,1
L,54,0.07887392924330065,0.005437205517225867,49,14.506335836196818,3.590223117694185e-19,1
L,55,0.056833896259473014,0.004915952168263561,49,11.561116608575178,1.7791763639576557e-15,1
L,56,0.04198685823649564,0.004162354054238096,49,10.087286590563998,1.9042114737254494e-13,1
L,57,0.010821433096717353,0.00393644372113858,49,2.7490379294911795,0.008399003823735608,1
L,58,0.07938323166712448,0.005194854454469917,49,15.281127192855061,4.567888757655327e-20,1
L,59,0.12809067822195197,0.007251527306152845,49,17.663958613693474,1.22148026052193e-22,1
L,60,0.22435843059296603,0.009767407773640269,49,22.97010996084877,1.5261559127664926e-27,1
L,61,0.0296911392990522,0.003646460452117307,49,8.142454769202866,1.3426400738906686e-10,1
L,62,0.4453655875949522,0.015690217573355005,49,28.384921083010873,1.1736126364935449e-31,1
L,63,0.5823954733148093,0.012669121025913938,49,45.969682673608844,2.4032107819791955e-41,1
L,64,0.08320763384434897,0.005151375436622639,49,16.15250817340967,4.877373644810814e-21,1
L,65,0.055253676636771255,0.004525028327072228,49,12.210680827388622,2.478447230890558e-16,1
L,66,0.07644790488812603,0.0058634427102717155,49,13.038057787143176,2.1772590380691158e-17,1
L,67,0.07857260996221932,0.0042746701906475676,49,18.380975948536605,2.3022175028110024e-23,1
L,68,0.31340586386299524,0.015480048815302225,49,20.24579299473459,3.745986695212639e-25,1
L,69,0.0032514045428718706,0.002334713108996308,49,1.3926355792252556,0.17014768717101728,0
L,70,0.17229605082587218,0.007618742299049566,49,22.61476291793805,3.0315456913885344e-27,1
L,71,0.041183735064037795,0.004125151716610172,49,9.98356857960133,2.6729374177774727e-13,1
L,72,0.016274726514049084,0.002618480224563684,49,6.215332986431446,1.1746788366956888e-07,1
L,73,0.010674499404342591,0.0027411321990392615,49,3.8941935774144323,0.0003041341098652568,1
L,74,0.17398603655380251,0.01014226938873154,49,17.15454696432219,4.122319771085051e-22,1
L,75,0.02351387649002685,0.00336375107849482,49,6.990373526851047,7.607241422681113e-09,1
L,76,0.10374014277647016,0.005416131405160985,49,19.153919101301177,4.022195493513209e-24,1
L,77,0.11236870830960898,0.005358949470602466,49,20.968420942580043,8.227700018463869e-26,1
L,78,0.46287028323054386,0.013927047545673215,49,33.23534882124719,8.660153732359802e-35,1
L,79,0.01563396199984452,0.002758737578178056,49,5.66707109929956,8.05308888747561e-07,1
L,80,0.005428394583085954,0.002873922546371039,49,1.8888451221277691,0.06496270708790974,0
L,81,0.052450216440053085,0.004205429385666644,49,12.472024050342885,1.1387492695367075e-16,1
L,82,0.06016736188572587,0.004486466781742695,49,13.410856429511965,7.486887231798244e-18,1
L,83,0.08950179662152245,0.005398551300270153,49,16.578854519182514,1.6826885699757588e-21,1
L,84,0.11474730542344791,0.004362021544655145,49,26.305992358989975,3.640613369011979e-30,1
L,85,0.004021905492684979,0.0024023619775928214,49,1.674146331900802,0.10060676207444456,0
L,86,0.09138945821617295,0.0047437656306898385,49,19.265171454704245,3.1430593988819864e-24,1
L,87,0.0179442664919596,0.0030246339904193317,49,5.932706750237845,3.1761910245501385e-07,1
L,88,0.12678194856405525,0.004306895444886853,49,29.43696920123074,2.24525085997444e-32,1
L,89,0.028765259873264084,0.0038907789015533195,49,7.393187996825032,1.8400580793310324e-09,1
L,90,0.0379284752077162,0.003188024468356144,49,11.897171927062857,6.37365162645128e-16,1
L,91,0.022518579882397534,0.003370653889178215,49,6.680774894953007,2.27064780104801e-08,1
L,92,0.042568985209776165,0.005585120890717047,49,7.62185564873439,8.246424254560365e-10,1
L,93,0.20123792566832496,0.009578181939524899,49,21.010033734889237,7.549688969269117e-26,1
L,94,0.032476817210018424,0.00279606408096018,49,11.61519059279419,1.50679248183482e-15,1
L,95,0.0030914651367690564,0.00174192847501529,49,1.7747371267594216,0.08228304857475315,0
L,96,0.13213362723486632,0.006664716982860231,49,19.82584220375399,9.220889140732673e-25,1
L,97,0.04730980162449522,0.0033293382466328264,49,14.20997150780419,8.049226676578689e-19,1
L,98,0.06360196130605458,0.004850879476300561,49,13.111428889707135,1.7622465378494282e-17,1
L,99,0.017138682812116616,0.001946707089430374,49,8.803935068183046,1.3805766003273927e-11,1
L,100,0.020545778921646836,0.0026696643380028245,49,7.696015798382029,6.360489526222648e-10,1
L,101,0.1900202048174369,0.006902182414164087,49,27.530452459137152,4.6832951187798665e-31,1
L,102,0.11407764840760058,0.005650549221612343,49,20.18877173413054,4.229657953933672e-25,1
L,103,0.03518329864730462,0.003671473105748334,49,9.58288339147004,1.0027440326589317e-12,1
L,104,0.007153228379675251,0.002254183483254446,49,3.173312391300054,0.00262949717476656,1
L,105,0.10795997727910786,0.00552301718259345,49,19.547282528716117,1.6899866147890623e-24,1
L,106,0.04423816917542143,0.003511714015520901,49,12.597315436251286,7.867834784679009e-17,1
L,107,0.01751303742488277,0.001912819851933883,49,9.155612540918,4.191302426910327e-12,1
L,108,0.021598628090490516,0.0023134812396059796,49,9.335985838454038,2.285828062597656e-12,1
L,109,0.006774803389743692,0.0019915963819644657,49,3.4016949674618204,0.0013584215725557767,1
L,110,-0.0006903050612321191,0.0021453420274520083,49,-0.3217692341821991,0.7490246386161811,0
L,111,0.13298917204423394,0.006208729568447106,49,21.419707619427925,3.261304272077151e-26,1
L,112,0.25348224382826096,0.009357844181865962,49,27.087675206162316,9.739042562837428e-31,1
L,113,0.00680475660736201,0.002224989166133116,49,3.0583324678331927,0.0036338851924818958,1
L,114,0.002001660132689487,0.001795284832628859,49,1.11495407096958,0.2704214476937258,0
L,115,0.008853663331057887,0.0021917245662608246,49,4.039587577449393,0.00019230046769196983,1
L,116,0.001913234415250629,0.0017541430658566648,49,1.090694626048799,0.28085229590087574,0
L,117,0.022010039259086574,0.0029846505553522444,49,7.374410789771327,1.965642967740989e-09,1
L,118,0.0027741802260938084,0.001923920370682623,49,1.4419412925647783,0.1558121723048398,0
L,119,0.09288056803602115,0.00595341121442029,49,15.601235105521825,1.9885575331173503e-20,1
R,0,482.4798952831035,9.150304166996607,49,52.728290390970386,3.7662057888676687e-44,1
R,1,0.020521844449275874,0.11058082761131595,49,0.18558230113278548,0.8535543455968527,0
R,2,3.929236704203354,0.1341843666924284,49,29.28237320827232,2.8533683002968816e-32,1
R,3,36.18308892766417,0.45709005820677445,49,79.15964978458574,1.594832458867852e-52,1
R,4,1.3293015877264989,0.08305106596762643,49,16.005834148410145,7.065775303023827e-21,1
R,5,-0.02200792016158869,0.026608602889805492,49,-0.8270979221543626,0.4122745349351299,0
R,6,5.441817268579529,0.16607861813093527,49,32.76651341287797,1.66507035393038e-34,1
R,7,0.22121906493505336,0.04605856971358014,49,4.802994672017096,1.5715760076880176e-05,1
R,8,4.6521967361643455,0.1329120243546348,49,35.00207568693252,7.939287731951826e-36,1
R,9,0.03579333570865713,0.018029890168036525,49,1.985222060426731,0.052849602948875786,0
R,10,1.1267001441951408,0.03235904323178403,49,34.818710062739484,1.0120668314405014e-35,1
R,11,4.165173560924589,0.06891475457028445,49,60.43950365776361,5.916937777233096e-47,1
R,12,1.1396940784475853,0.03738885981703088,49,30.48218330339261,4.572183279072759e-33,1
R,13,0.7766015310898391,0.024171098997459013,49,32.129343029519646,4.104874732921197e-34,1
R,14,2.723438384151295,0.06003338337721827,49,45.36539889878666,4.472543164277812e-41,1
R,15,0.6162167439544541,0.024083270531647865,49,25.586921142819147,1.2625200744130352e-29,1
R,16,0.7890248387781349,0.027941478200900725,49,28.238478762827224,1.4838190548714451e-31,1
R,17,2.5650953260753764,0.07948911377314108,49,32.26976883144102,3.359926876742936e-34,1
R,18,0.08833919212468745,0.011413519893159016,49,7.739872795739007,5.455891448310256e-10,1
R,19,0.2049220186888224,0.01968867659329857,49,10.40811543212466,6.726421629166297e-14,1
R,20,0.44536691166571735,0.015760176748312038,49,28.259004881618313,1.4357406206083959e-31,1
R,21,0.47792267253761994,0.019641736207748554,49,24.33199730831749,1.1912521401565255e-28,1
R,22,0.7926335492778152,0.01772868930051003,49,44.70908908392976,8.860521553880686e-41,1
R,23,0.2566715178960537,0.015988346037006104,49,16.053662918101107,6.2597358533471445e-21,1
R,24,0.06734729697042945,0.00985502505322061,49,6.8338027155415935,1.3223356571553355e-08,1
R,25,0.012795603836675032,0.006100349098321579,49,2.0975199337683073,0.04123832881904227,1
R,26,0.025703541513853897,0.004984534908196596,49,5.156657940460373,4.718685634406773e-06,1
R,27,0.39051863587475827,0.013647012882072877,49,28.615686029560006,8.127638887047778e-32,1
R,28,0.15770155497477575,0.012136019079384977,49,12.994504535894952,2.4692680918017633e-17,1
R,29,0.019398735201656806,0.005307289230952459,49,3.6551117449039907,0.0006361858495655882,1
R,30,0.007700637125205352,0.006339537885395782,49,1.2147000719003664,0.2304223949496537,0
R,31,0.03236449164095569,0.004595600308760323,49,7.042494879126272,6.329114845700422e-09,1
R,32,0.4045178593966262,0.01483785679024685,49,27.26255315137709,7.284341966360073e-31,1
R,33,0.053280987233838735,0.006136399506125992,49,8.682776794543464,2.0877940034741195e-11,1
R,34,0.09028662948690495,0.01073889264854444,49,8.407443154685273,5.372229459759379e-11,1
R,35,0.07414730066954626,0.007517697327722539,49,9.863033511088288,3.9705496834935726e-13,1
R,36,0.09740909786968488,0.006019332566031295,49,16.182707434938962,4.520316109777171e-21,1
R,37,1.3648621101359957,0.028284257401275412,49,48.25518629576786,2.4564909976584065e-42,1
R,38,0.45161610514638784,0.014845706724607149,49,30.420653831038052,5.0143335662541406e-33,1
R,39,0.6952916727815626,0.022382297478472517,49,31.06435670646858,1.9248187947539742e-33,1
R,40,0.020447399329960977,0.004411619646273011,49,4.634896244338558,2.7612122080591624e-05,1
R,41,0.9176782688732389,0.02561113993856279,49,35.83121528657485,2.6875874249030682e-36,1
R,42,0.053252621217026855,0.004976675473286561,49,10.700440786800835,2.6354581149479585e-14,1
R,43,0.08179416611015906,0.006142434602876752,49,13.316245332404764,9.800354656341502e-18,1
R,44,0.01556794819878234,0.003942096098593165,49,3.9491549189625665,0.0002559531060962495,1
R,45,0.330598946217987,0.009174899250091248,49,36.032978369184725,2.0721477201889836e-36,1
R,46,0.011625423340419388,0.0032873757250138362,49,3.5363841291279408,0.0009105914532553575,1
R,47,0.32590087682889074,0.014041496625962479,49,23.209839058487955,9.653506750466428e-28,1
R,48,0.412225996036746,0.016800399286744677,49,24.536678503944103,8.205685583662557e-29,1
R,49,0.6251906764241093,0.014974188403155448,49,41.751222810337126,2.184012234472072e-39,1
R,50,0.10944076264367575,0.005451623463574729,49,20.07489390544105,5.394929002471147e-25,1
R,51,0.06968274509574979,0.005006894901111747,49,13.917357258742777,1.8049464301930444e-18,1
R,52,0.006709016098069269,0.004309761313694301,49,1.5567024736964705,0.12611068518135854,0
R,53,0.010158477333634484,0.00494441919085715,49,2.054533999143677,0.0453898990333939,0
R,54,0.06404248260812608,0.005468464634423423,49,11.711236496801174,1.1227367525253315e-15,1
R,55,-0.002016120634515428,0.0027416149767484806,49,-0.7353770137725615,0.46568807345678787,0
R,56,0.04698549375018484,0.00411536300773997,49,11.417095809486762,2.774757551659557e-15,1
R,57,0.01135640837097301,0.0031188225992127634,49,3.64124858330818,0.0006635761786518876,1
R,58,0.06329826265315887,0.004825274942548509,49,13.11806340712419,1.7289257543834493e-17,1
R,59,0.13500717449582805,0.006725291942678996,49,20.074544814785906,5.398963920092466e-25,1
R,60,0.3535600836657143,0.012040195198430902,49,29.3649793744034,2.5100137456271586e-32,1
R,61,0.006499688443905513,0.003241499607693749,49,2.005148613462239,0.05060367814494478,0
R,62,0.3496510148820479,0.011426833774083267,49,30.599116237699818,3.83828344358452e-33,1
R,63,0.40029520527771617,0.011344723668028736,49,35.28470300301917,5.4736907752642734e-36,1
R,64,0.0652697353181243,0.006212951571630142,49,10.505431205381013,4.9181170160099544e-14,1
R,65,0.002990533050102878,0.002111015400257183,49,1.416632512362792,0.16304802752130143,0
R,66,0.2297795357530954,0.010257239663845527,49,22.401693173165956,4.594757498775333e-27,1
R,67,0.29076002264293577,0.011149237046128784,49,26.078916560832557,5.374263935287571e-30,1
R,68,0.2005430036575136,0.007826729250439287,49,25.622836467258384,1.1856401995826318e-29,1
R,69,-0.0019399056685683682,0.001857353799034447,49,-1.0444459583181385,0.3015107220548094,0
R,70,0.2315009396820682,0.010429448432804795,49,22.196853570310104,6.874373541748142e-27,1
R,71,0.003159768690079075,0.0024362905753260995,49,1.2969588775986367,0.20084518588071923,0
R,72,0.3944618311220817,0.0102485936011406,49,38.4893621967975,9.70003365256633e-38,1
R,73,-0.0006213118483680146,0.0025349808322315134,49,-0.24509528453557622,0.8074275007169045,0
R,74,0.02808165840577505,0.00340024385635706,49,8.258718960192775,8.976470647915955e-11,1
R,75,0.2720694327106987,0.009753704915844884,49,27.893957737917844,2.587446612018598e-31,1
R,76,0.038112349337426285,0.0031328116833320104,49,12.16554111445683,2.8372866261457546e-16,1
R,77,0.07667277472802127,0.00492765649458902,49,15.55968335297203,2.2137934537360188e-20,1
R,78,0.08026079087431312,0.004999338520509618,49,16.054282090529767,6.249938320858115e-21,1
R,79,0.38199371716888464,0.012073953471671074,49,31.63783246847443,8.326524792490242e-34,1
R,80,0.03961039643776218,0.003626662863363421,49,10.92199576583386,1.3048813325785166e-14,1
R,81,0.0344371449049404,0.0027468688269165144,49,12.536872735782461,9.401764129581225e-17,1
R,82,0.058028953448013156,0.0037313154096937223,49,15.551875699721764,2.2589287399989112e-20,1
R,83,0.040496963896103806,0.004307679881710598,49,9.401108022916107,1.8380788349894712e-12,1
R,84,0.22324312926528264,0.008674655468825095,49,25.735100381516247,9.747151284804251e-30,1
R,85,0.06425071160046056,0.00421642778268281,49,15.23818618792503,5.1115242193651285e-20,1
R,86,0.00391974470271607,0.002047724815730856,49,1.914195048379618,0.061567057617299074,0
R,87,0.006216624913523346,0.0016898875776110457,49,3.678720996524302,0.000592017498173354,1
R,88,0.25749327361690943,0.009833939783199195,49,26.18414178789503,4.485178367679425e-30,1
R,89,0.014727285582664567,0.0023843412653419814,49,6.176668498228699,1.3462031611388051e-07,1
R,90,0.021325728070143785,0.002067243525144658,49,10.316021218957012,9.056192461776513e-14,1
R,91,0.05802005858932447,0.004047162554859087,49,14.335984236576977,5.703062881658323e-19,1
R,92,0.017781933703767145,0.0035619810313556885,49,4.992147220110082,8.280157675878195e-06,1
R,93,0.1386111680902657,0.005681089625290904,49,24.39869412959103,1.0546873036280325e-28,1
R,94,0.059897127706920135,0.004292097297475778,49,13.955211999072384,1.6249467097369787e-18,1
R,95,0.05449434090068603,0.003755670069199306,49,14.509885026270162,3.5559034888342144e-19,1
R,96,0.006528414476024729,0.0029022085713736358,49,2.2494642667721103,0.02910616400007167,1
R,97,0.001278923430901026,0.0023502052587638157,49,0.544175206030186,0.5888399666206876,0
R,98,0.023016809774394225,0.004727316656955689,49,4.868895283443241,1.258066242757755e-05,1
R,99,0.05205975926581459,0.0035962112727540058,49,14.476279427806485,3.894697851928235e-19,1
R,100,0.011848269492985791,0.002819859769708367,49,4.201722943907651,0.00011444186354764417,1
R,101,0.08669483672066983,0.004556208955864746,49,19.027844763150373,5.3263206670012506e-24,1
R,102,0.005831682845504655,0.002047597783033219,49,2.848060734303914,0.006457373639387675,1
R,103,0.04336309158525759,0.003070230309911773,49,14.123725977581039,1.0201264446537855e-18,1
R,104,0.005317152144322969,0.0023160436491741028,49,2.2957909909077303,0.026098274248279364,1
R,105,0.0027212595653775306,0.0014840856377645504,49,1.833627046938148,0.07291366843319204,0
R,106,0.0025594470105421486,0.0017122108157942174,49,1.4948200227055197,0.14150718194434697,0
R,107,0.005906281959979099,0.0018376169153405144,49,3.214098602746401,0.00234093805106103,1
R,108,0.033309568823073454,0.0029151383930316184,49,11.426410801866918,2.6959175343419936e-15,1
R,109,0.004941079485447101,0.0014190005375038124,49,3.4820842944422252,0.001070887536557375,1
R,110,0.21256549394051752,0.00927193890857908,49,22.92567887217595,1.6620963508066544e-27,1
R,111,0.5629278891352102,0.01695612973814489,49,33.199078907071296,9.106626997163104e-35,1
R,112,0.0795964031875971,0.0040353731470278206,49,19.724669884920644,1.1481444540808612e-24,1
R,113,0.009419830208670727,0.0018292020577227674,49,5.149693643138462,4.832779768290166e-06,1
R,114,0.0005134665276441072,0.0015811372984232612,49,0.3247450605055901,0.7467851579328892,0
R,115,0.010206706612179832,0.0018459118342378628,49,5.52935759057743,1.301393164029429e-06,1
R,116,0.004900266853717967,0.001418658488539945,49,3.4541553822169164,0.0011634861700923716,1
R,117,0.007295853038646113,0.0016916546147845344,49,4.312850256123579,7.983367186583665e-05,1
R,118,0.013378215248874548,0.0027039707335037434,49,4.947618361068341,9.634007995157221e-06,1
R,119,0.015094454837758543,0.002394801044686832,49,6.30300996036706,8.62206377577232e-08,1
