metric,hemi,mode_k,beta_mean,beta_sem,N_subj,t,p,lam,sig_q05
boundary,L,0,-1221.412493760959,18.13735008181459,49,-67.34238950295214,3.4950310128940925e-49,,1
boundary,L,1,-0.5286026412174009,0.09674403333701576,49,-5.463930156560357,1.6336001106378735e-06,0.0002292282879352,1
boundary,L,2,-23.387879752763457,0.4799072836576778,49,-48.73416292936751,1.5433155621406008e-42,0.0004418147727847,1
boundary,L,3,-63.079936829927625,0.6432088970456479,49,-98.07068453135983,5.809167878273394e-57,0.000503646209836,1
boundary,L,4,-5.171464344641774,0.21562177649322053,49,-23.983961308306778,2.25923662815789e-28,0.0007804138585925,1
boundary,L,5,-0.14620235373211754,0.04536227196634661,49,-3.2229945149260217,0.0022821026126565776,0.0009679924696683,1
boundary,L,6,-7.617817777599085,0.22028992089139796,49,-34.58087300033413,1.3890685098752615e-35,0.001079499721527,1
boundary,L,7,-0.2866516792828953,0.07144828076130957,49,-4.012016471614276,0.00020987507209560804,0.0014691120013594,1
boundary,L,8,-10.914405524874233,0.2611260110240516,49,-41.79746583678689,2.073883557369447e-39,0.001516374759376,1
boundary,L,9,-0.9300565781919057,0.06988861270513537,49,-13.307698381650175,1.0042223267273168e-17,0.0017501721158623,1
boundary,L,10,-2.8444288504019792,0.061807482095256314,49,-46.02078508906428,2.2810489242836393e-41,0.0018113795667886,1
boundary,L,11,-7.185086102410246,0.12333672376054898,49,-58.25585343388615,3.381328778778292e-46,0.0020164949819445,1
boundary,L,12,-2.375963594708914,0.06873512729135303,49,-34.56694834706175,1.4151478143214531e-35,0.0022517880424857,1
boundary,L,13,-3.7241723523570673,0.07034496999818254,49,-52.94155861397463,3.1128090580819873e-44,0.0023531662300229,1
boundary,L,14,-7.200323403853424,0.13406875348027603,49,-53.70620086292309,1.581561683682876e-44,0.0027416236698627,1
boundary,L,15,-1.9741912833600588,0.06980445743143981,49,-28.28173666845072,1.3843459814324638e-31,0.0029593342915177,1
boundary,L,16,-0.062218435617576714,0.01227578741863385,49,-5.06838653161533,6.384034561444422e-06,0.0029743034392595,1
boundary,L,17,-3.204572666784497,0.10805208997588335,49,-29.657664812404278,1.5977631194124318e-32,0.0030919155105948,1
boundary,L,18,-0.25872871366391403,0.018680209352396893,49,-13.85041831079458,2.1743533217462894e-18,0.0034280661493539,1
boundary,L,19,-2.431101799971661,0.08664659045102156,49,-28.05767413717083,1.985121089610211e-31,0.0035447385162115,1
boundary,L,20,-1.3676871020960002,0.040902199626688,49,-33.43798413236454,6.54567747901322e-35,0.0037717577069997,1
boundary,L,21,-0.6652965303639765,0.026032064432657244,49,-25.556810220912077,1.3308820380452053e-29,0.0040091443806886,1
boundary,L,22,-0.5449111349413694,0.022298343497463825,49,-24.437292169409208,9.830553395736632e-29,0.0041310228407382,1
boundary,L,23,-0.05768412983982901,0.00903934218857172,49,-6.381452171681037,6.53684760807594e-08,0.0044047320261597,1
boundary,L,24,-0.06462701414385816,0.010093593456527512,49,-6.402775624182086,6.062770739598613e-08,0.0045519033446908,1
boundary,L,25,-0.44491676741005837,0.020905663556407456,49,-21.282116504438537,4.3170498973865015e-26,0.0046605272218585,1
boundary,L,26,-1.1247081275735091,0.03996064991631003,49,-28.14539127689355,1.7233408870717632e-31,0.0048440368846058,1
boundary,L,27,-0.25124286682739516,0.015010659649142638,49,-16.737629970961695,1.1377052222972242e-21,0.0049720155075192,1
boundary,L,28,-0.5112271601478371,0.02015249441843394,49,-25.36793458581515,1.854925621724134e-29,0.0052369954064488,1
boundary,L,29,-0.26894034637594344,0.020337481817732792,49,-13.223876426109316,1.2760872880612417e-17,0.0054828114807605,1
boundary,L,30,-0.17440935752256465,0.018132976326416268,49,-9.61835246365395,8.913129179200041e-13,0.0056525152176618,1
boundary,L,31,-0.19539826267914562,0.015305604759875477,49,-12.766451619827098,4.7915185386962746e-17,0.0058893002569675,1
boundary,L,32,-0.8341601050777014,0.027683410002774446,49,-30.132129856621763,7.747891394758074e-33,0.0060744471848011,1
boundary,L,33,-2.8157840639042466,0.07255621793130758,49,-38.8083081531356,6.606791583750409e-38,0.006196467205882,1
boundary,L,34,-0.10944805994800956,0.009542567198572018,49,-11.46945655927765,2.3600460653814837e-15,0.0063056014478206,1
boundary,L,35,-0.042867926065330846,0.007365603397220979,49,-5.820015517195073,4.716297663485308e-07,0.0066964793950319,1
boundary,L,36,-1.8196143036056576,0.040430724922165186,49,-45.00573034761733,6.497576645200838e-41,0.0067823454737663,1
boundary,L,37,-0.03651551590635104,0.005967486425037713,49,-6.119078168849002,1.6490257392964282e-07,0.006928913295269,1
boundary,L,38,-0.5366035397555864,0.0193495013981627,49,-27.73216367252433,3.366620137145843e-31,0.0072302352637052,1
boundary,L,39,-0.6692457318236631,0.022889191610257337,49,-29.238504496757937,3.054818087941499e-32,0.0074026435613632,1
boundary,L,40,-0.0973350420966986,0.009696929354918848,49,-10.037717975879096,2.2388705577629754e-13,0.0074999053031206,1
boundary,L,41,-2.7703372638363772,0.05659490089809964,49,-48.950297992825014,1.2531126140451792e-42,0.0076058097183704,1
boundary,L,42,-0.015725504894602112,0.003895270484559322,49,-4.037076489793793,0.00019384017489493756,0.0078272670507431,1
boundary,L,43,-0.02697456752534532,0.0058854255439558315,49,-4.5832824362288385,3.278862875435685e-05,0.0081295762211084,1
boundary,L,44,-0.038397355361709996,0.007463989320030675,49,-5.144347575453416,4.922206708576599e-06,0.008332522585988,1
boundary,L,45,-0.4844171873223725,0.019140447613704176,49,-25.308561069153864,2.0598887478807938e-29,0.0084747318178415,1
boundary,L,46,-0.7365017779298066,0.031244216363426624,49,-23.57241959161215,4.865103032978252e-28,0.0086999479681253,1
boundary,L,47,-0.06485408751146211,0.006121270254840334,49,-10.594874072122431,3.692070882329205e-14,0.0089640468358993,1
boundary,L,48,-4.305496037508805,0.09377962417249722,49,-45.91078366436319,2.5523240033122926e-41,0.0091615673154592,1
boundary,L,49,-0.36987808998416116,0.012868767667964704,49,-28.742308473322545,6.65118642630981e-32,0.0093336086720228,1
boundary,L,50,-0.015876117097786708,0.004788827739894701,49,-3.3152407979777956,0.0017490111659518846,0.0094550773501396,1
boundary,L,51,-0.37084295882861484,0.016316996081263253,49,-22.72740380531515,2.43646691475465e-27,0.0096245910972356,1
boundary,L,52,-0.0670203405766693,0.009944916548094911,49,-6.739155653297863,1.84740303229054e-08,0.0098703932017087,1
boundary,L,53,-0.5837450650077919,0.027410972917329534,49,-21.29603596225297,4.1960097144675726e-26,0.0100258029997348,1
boundary,L,54,-0.2160540604296526,0.01235003624616522,49,-17.494204561281272,1.8266853963249183e-22,0.0101064685732126,1
boundary,L,55,-0.15623901584133662,0.01078721715137872,49,-14.48371842791425,3.8169781503536377e-19,0.0102680269628763,1
boundary,L,56,-0.11838892002753004,0.008815377821685736,49,-13.429818031882258,7.094518195814547e-18,0.0104580484330654,1
boundary,L,57,-0.036935740619828565,0.006442083397145886,49,-5.733508609372032,6.384536499691238e-07,0.0108443927019834,1
boundary,L,58,-0.22804479177626907,0.013127488744269274,49,-17.371547309520313,2.4475319229273823e-22,0.0109784808009862,1
boundary,L,59,-0.3217547464310535,0.014691343902070785,49,-21.900974381635795,1.236907850537807e-26,0.0112018398940563,1
boundary,L,60,-0.5744192551989786,0.023399136898265956,49,-24.548736891297356,8.028114636682237e-29,0.0112499464303255,1
boundary,L,61,-0.08043493719549077,0.007516376697298563,49,-10.70129138477049,2.6283238903345228e-14,0.0114265698939561,1
boundary,L,62,-1.1173196294062158,0.03648431982599541,49,-30.624652857310924,3.69468578796351e-33,0.0116981286555528,1
boundary,L,63,-1.4555043994885573,0.03182310417718918,49,-45.73734829212116,3.048642862376983e-41,0.0118494983762502,1
boundary,L,64,-0.21836361067461968,0.011346858094912074,49,-19.24441187578911,3.29081042549947e-24,0.0121008921414613,1
boundary,L,65,-0.13805975385549565,0.009867495550438183,49,-13.991367226850677,1.4700537404062067e-18,0.0122096873819828,1
boundary,L,66,-0.2056570164448174,0.012211645712570024,49,-16.84105658528276,8.829302093588095e-22,0.012521605938673,1
boundary,L,67,-0.20296306299508493,0.009256093101013807,49,-21.927508807452966,1.1731246069833822e-26,0.0128279495984315,1
boundary,L,68,-0.7956690350917933,0.03550861824435535,49,-22.40777237842189,4.540358246022787e-27,0.0129549652338027,1
boundary,L,69,-0.013605983647556677,0.00415949084334584,49,-3.271069503452062,0.0019875804686454155,0.0130439344793558,1
boundary,L,70,-0.4255922147130833,0.0162618895205607,49,-26.171141685287328,4.586358328189593e-30,0.0131426770240068,1
boundary,L,71,-0.11684312667738692,0.00973816383525976,49,-11.998476165940392,4.690672879599645e-16,0.0135406553745269,1
boundary,L,72,-0.053245830821630806,0.005375040415933917,49,-9.90612659651589,3.446040886965804e-13,0.0137549825012683,1
boundary,L,73,-0.035395230238326685,0.0051980408527854,49,-6.809340526702469,1.4416878549425733e-08,0.0138666797429323,1
boundary,L,74,-0.44915610365693487,0.024327133118996005,49,-18.4631744916218,1.907339410574957e-23,0.0139644090086221,1
boundary,L,75,-0.06537301175154847,0.00598977149622014,49,-10.914107790723282,1.337806788755313e-14,0.0142714828252792,1
boundary,L,76,-0.25773330290552365,0.010314132833137946,49,-24.988363740814027,3.638439052666505e-29,0.0145824085921049,1
boundary,L,77,-0.2947633473204018,0.012887484949856448,49,-22.87206141984167,1.8427029445633945e-27,0.0147327147424221,1
boundary,L,78,-1.1900907233831874,0.02968597225521592,49,-40.08932950390684,1.4549726471988585e-38,0.0147609356790781,1
boundary,L,79,-0.05105395580814844,0.005502945669028959,49,-9.277568574860624,2.7806716487445174e-12,0.0149750523269176,1
boundary,L,80,-0.03205806713701306,0.004703886748112764,49,-6.8152293738523815,1.4120054980294526e-08,0.0150899533182382,1
boundary,L,81,-0.14311940466760895,0.010554231402134327,49,-13.560381539357444,4.903143591722355e-18,0.0154220629483461,1
boundary,L,82,-0.15077927639610356,0.00956994031416505,49,-15.75550854511872,1.3373952718644684e-20,0.0154968649148941,1
boundary,L,83,-0.22461711456653144,0.011994562926831596,49,-18.726577694971066,1.0481236675946424e-23,0.0157812219113111,1
boundary,L,84,-0.29091786813605586,0.012845051217777787,49,-22.648245087058914,2.8406208253505863e-27,0.0159307047724723,1
boundary,L,85,-0.008272424715940375,0.0033956875531208587,49,-2.4361560321819,0.01860539258250894,0.0159959252923727,1
boundary,L,86,-0.22565981708811433,0.010039222410498322,49,-22.477818287214657,3.958909657327547e-27,0.0163249354809522,1
boundary,L,87,-0.05193752970966783,0.007229187232651168,49,-7.184421711349247,3.836932423328405e-09,0.0165493730455636,1
boundary,L,88,-0.3178313153440385,0.010265965971169657,49,-30.95970863692882,2.246242556064638e-33,0.0166782364249229,1
boundary,L,89,-0.07090581629537883,0.008857291046701427,49,-8.005361449851545,2.161417113897805e-10,0.0169897153973579,1
boundary,L,90,-0.10093748429758323,0.007303227260216357,49,-13.820942536928937,2.360554463291061e-18,0.0170869976282119,1
boundary,L,91,-0.06140811989063598,0.008939153664331623,49,-6.869567544818288,1.165407256532072e-08,0.0171879101544618,1
boundary,L,92,-0.11121408463191298,0.00911231099433634,49,-12.204816615789003,2.522331445282822e-16,0.0173780377954244,1
boundary,L,93,-0.5031989061544161,0.0221192880596185,49,-22.74932650626618,2.3352614491192323e-27,0.0176062751561403,1
boundary,L,94,-0.0835321677821067,0.005876388252975886,49,-14.214882370953761,7.9415766366693e-19,0.017727717757225,1
boundary,L,95,-0.01139137368579243,0.002770032226983064,49,-4.11236142844416,0.00015248859708066393,0.0180606748908758,1
boundary,L,96,-0.3424329129163875,0.014608518637323976,49,-23.440632237788293,6.234612036654417e-28,0.0183309633284807,1
boundary,L,97,-0.1140056679907733,0.00791908558645526,49,-14.396317194218442,4.838971146566151e-19,0.0185584239661693,1
boundary,L,98,-0.17219883814998305,0.01257813688235892,49,-13.690329478882939,3.4016895139444746e-18,0.0187302939593791,1
boundary,L,99,-0.04434538418327879,0.004383716417838,49,-10.115933595255106,1.7343561617989838e-13,0.0188728664070367,1
boundary,L,100,-0.05721058459436289,0.005361469658098326,49,-10.67069073270762,2.897713959229532e-14,0.0190864745527505,1
boundary,L,101,-0.4837826385392018,0.014853983428872009,49,-32.56921894761664,2.197963158315206e-34,0.019279059022665,1
boundary,L,102,-0.29233967546597206,0.015043515351800377,49,-19.432936293775604,2.17139069887469e-24,0.0194607581943273,1
boundary,L,103,-0.0917750665295377,0.009162926805303702,49,-10.01591178011116,2.4043764912695245e-13,0.0196548048406839,1
boundary,L,104,-0.03351615537396294,0.003963973427946579,49,-8.455191737076053,4.5577841660913665e-11,0.0198375191539526,1
boundary,L,105,-0.28354799696324257,0.013733311942147386,49,-20.64673096757067,1.6071032403453257e-25,0.0199899114668369,1
boundary,L,106,-0.11564609171504647,0.007256260259838761,49,-15.93742335223464,8.40600738352415e-21,0.0203421004116535,1
boundary,L,107,-0.05046420410298272,0.004717739250503522,49,-10.696692085641804,2.6671339724077698e-14,0.0204064417630434,1
boundary,L,108,-0.059381907855494846,0.005085659038473368,49,-11.676344679473504,1.2492135835777143e-15,0.0205841325223445,1
boundary,L,109,-0.02075425706364805,0.003518302007852137,49,-5.8989413124083026,3.575938164310795e-07,0.0207765027880668,1
boundary,L,110,-0.012376533401960203,0.0025395208426366622,49,-4.873570318529162,1.2383252388628055e-05,0.0210340023040771,1
boundary,L,111,-0.3351408147618152,0.014459184849299778,49,-23.178403088058264,1.0248739771872476e-27,0.0211396422237157,1
boundary,L,112,-0.6450117125541173,0.02143818401664207,49,-30.087049913061975,8.295760569845809e-33,0.0213069375604391,1
boundary,L,113,-0.029277732754543408,0.004746087818966194,49,-6.168813951892018,1.3839871929869816e-07,0.0215043816715478,1
boundary,L,114,-0.01093165603966618,0.0026076151903301342,49,-4.1922044633749005,0.0001180078145451743,0.0218461286276578,1
boundary,L,115,-0.028206742604188702,0.005101778527034884,49,-5.528805779145072,1.3038934409080302e-06,0.0219429824501276,1
boundary,L,116,-0.012274040131507482,0.0021815837564061837,49,-5.626206234560087,9.287505707690438e-07,0.0221266504377126,1
boundary,L,117,-0.05859934819095003,0.005675245924534277,49,-10.325428883640637,8.784771092616362e-14,0.0223625842481851,1
boundary,L,118,-0.01519495899341765,0.0031961655674765457,49,-4.754121359681144,1.8525110975495598e-05,0.0224539022892713,1
boundary,L,119,-0.237121997803805,0.01077943796284121,49,-21.99762164049833,1.020230653842469e-26,0.0227182861417531,1
boundary,R,0,-1213.092512413816,18.217193220555238,49,-66.5905278451475,5.957621893107478e-49,,1
boundary,R,1,-0.5062665040152847,0.1148295874478509,49,-4.4088506740059685,5.8332201814102854e-05,0.0002292282879352,1
boundary,R,2,-9.94346167635009,0.26834342690367,49,-37.054985065535426,5.665264914859035e-37,0.0004418147727847,1
boundary,R,3,-91.81744191079741,0.8863871846141071,49,-103.58615682239423,4.2537559042398275e-58,0.000503646209836,1
boundary,R,4,-3.740443177362906,0.1815157956123147,49,-20.606708990504742,1.7477227108594703e-25,0.0007804138585925,1
boundary,R,5,-0.12345691246347125,0.04111459520945526,49,-3.0027515006417835,0.0042393636244919776,0.0009679924696683,1
boundary,R,6,-13.900014995556816,0.34881785814709293,49,-39.84892020549969,1.9260057919496618e-38,0.001079499721527,1
boundary,R,7,-0.6159836989109659,0.10143744939400043,49,-6.072547196236962,1.9425673420175394e-07,0.0014691120013594,1
boundary,R,8,-11.7560948060408,0.2739844038937971,49,-42.90789781814641,6.083578837516607e-40,0.001516374759376,1
boundary,R,9,-0.11110991719021297,0.03371297970545294,49,-3.2957608066972903,0.001850669851192984,0.0017501721158623,1
boundary,R,10,-2.9373652292464385,0.07539326653363194,49,-38.96057783802375,5.505789600461033e-38,0.0018113795667886,1
boundary,R,11,-10.332592098063834,0.1618732675762449,49,-63.831367913772525,4.441964909386284e-48,0.0020164949819445,1
boundary,R,12,-2.9547919316094884,0.07659803619303271,49,-38.57529616246551,8.743986210222494e-38,0.0022517880424857,1
boundary,R,13,-1.9503149819353607,0.048271332391336914,49,-40.40317275943634,1.0112990707597437e-38,0.0023531662300229,1
boundary,R,14,-6.781986431329465,0.12991553866801547,49,-52.20304284509082,6.040827169325157e-44,0.0027416236698627,1
boundary,R,15,-1.5960989531970617,0.05115461439381134,49,-31.201465832770644,1.5733631186472418e-33,0.0029593342915177,1
boundary,R,16,-2.0299181379803812,0.06026214058467446,49,-33.68479974799666,4.6643308931705635e-35,0.0029743034392595,1
boundary,R,17,-6.431478297501024,0.18211034721861705,49,-35.31638040193434,5.251141111967697e-36,0.0030919155105948,1
boundary,R,18,-0.2463839028752171,0.021091414564412308,49,-11.681715426092966,1.2288431290733492e-15,0.0034280661493539,1
boundary,R,19,-0.5579375545605892,0.051858599719349134,49,-10.758824140645189,2.1884945636139435e-14,0.0035447385162115,1
boundary,R,20,-1.1052871304038208,0.03649114395024413,49,-30.28918830034174,6.1110486563788044e-33,0.0037717577069997,1
boundary,R,21,-1.2277489897288663,0.040224293974988855,49,-30.5225740069489,4.303747376158254e-33,0.0040091443806886,1
boundary,R,22,-1.9931797569919099,0.038074063862805665,49,-52.35006602326566,5.290055356549349e-44,0.0041310228407382,1
boundary,R,23,-0.6775823821361868,0.03344935250494162,49,-20.256965573132838,3.6580238764300954e-25,0.0044047320261597,1
boundary,R,24,-0.21083148085011863,0.018368616452776397,49,-11.4778095232236,2.2999542875481705e-15,0.0045519033446908,1
boundary,R,25,-0.018952032192848026,0.007729653871742659,49,-2.45186039469776,0.017901076970997788,0.0046605272218585,1
boundary,R,26,-0.08955577297768395,0.010911588466445053,49,-8.207400164795697,1.0720784195570708e-10,0.0048440368846058,1
boundary,R,27,-1.0129702168340546,0.034965205323657204,49,-28.97080704824823,4.641377868643218e-32,0.0049720155075192,1
boundary,R,28,-0.38047597093549496,0.027940175043627807,49,-13.617522808693659,4.173913271210933e-18,0.0052369954064488,1
boundary,R,29,-0.0702531786952912,0.010608219022746817,49,-6.622523398569531,2.7895986232342662e-08,0.0054828114807605,1
boundary,R,30,-0.05219548253061169,0.01174814991829822,49,-4.4428682723324044,5.2163982614284246e-05,0.0056525152176618,1
boundary,R,31,-0.09010096739420781,0.00919527470561644,49,-9.798616167407646,4.909169922923499e-13,0.0058893002569675,1
boundary,R,32,-1.0292077154882697,0.037196326771150694,49,-27.66960624419825,3.7286803622322984e-31,0.0060744471848011,1
boundary,R,33,-0.16336035558393527,0.014796666440531778,49,-11.04034859746857,8.986791358437805e-15,0.006196467205882,1
boundary,R,34,-0.2684469438382986,0.01770613107138862,49,-15.161242326511557,6.255826630235599e-20,0.0063056014478206,1
boundary,R,35,-0.19170833079818098,0.01599385961151416,49,-11.986370735689587,4.865372735046335e-16,0.0066964793950319,1
boundary,R,36,-0.2595331389989946,0.013982251293082676,49,-18.5616131164365,1.5237961571915608e-23,0.0067823454737663,1
boundary,R,37,-3.4211721889395994,0.05432809193442654,49,-62.97243409669016,8.447441573095109e-48,0.006928913295269,1
boundary,R,38,-1.134593763070054,0.034362017909954606,49,-33.018833935866276,1.1699794926375614e-34,0.0072302352637052,1
boundary,R,39,-1.7751055942129235,0.046390289978247345,49,-38.264593626064425,1.2737665369775878e-37,0.0074026435613632,1
boundary,R,40,-0.054094366150203965,0.00740685842092727,49,-7.303280699596773,2.524544561848149e-09,0.0074999053031206,1
boundary,R,41,-2.3297933469366012,0.05814636062550625,49,-40.0677415039218,1.491983936054129e-38,0.0076058097183704,1
boundary,R,42,-0.14311114172111605,0.012457690917688143,49,-11.487774312807733,2.230291335469854e-15,0.0078272670507431,1
boundary,R,43,-0.2218430265777334,0.012914081545314277,49,-17.178382047481072,3.8919843678784304e-22,0.0081295762211084,1
boundary,R,44,-0.04715496485128501,0.00628986509106084,49,-7.496975558077022,1.277845097227638e-09,0.008332522585988,1
boundary,R,45,-0.8289435088879392,0.023748684766052623,49,-34.90481755321736,9.028946815986016e-36,0.0084747318178415,1
boundary,R,46,-0.03279928848591922,0.006174560695439777,49,-5.312003574625663,2.7643280815090516e-06,0.0086999479681253,1
boundary,R,47,-0.8331828801395423,0.03121305056643531,49,-26.693413973304438,1.8858784847731093e-30,0.0089640468358993,1
boundary,R,48,-1.0617073013222036,0.03767915733761707,49,-28.177575517652187,1.6363634555955245e-31,0.0091615673154592,1
boundary,R,49,-1.5794343942246885,0.0324642121599704,49,-48.651554716371365,1.6716017103323366e-42,0.0093336086720228,1
boundary,R,50,-0.28039272054473263,0.011570955946038764,49,-24.232459431385458,1.4293936501950548e-28,0.0094550773501396,1
boundary,R,51,-0.18053183866231026,0.011064676879414589,49,-16.316051578350464,3.2351498129760945e-21,0.0096245910972356,1
boundary,R,52,-0.03721018846686933,0.006920172593688851,49,-5.377060754352393,2.2075775785291436e-06,0.0098703932017087,1
boundary,R,53,-0.04304923915721626,0.008045917545668238,49,-5.350444981926657,2.4204917703760847e-06,0.0100258029997348,1
boundary,R,54,-0.15323426142916713,0.010911130160179415,49,-14.043848728741358,1.2714661191673059e-18,0.0101064685732126,1
boundary,R,55,-0.008362826737474854,0.00721022679161619,49,-1.1598562679330515,0.2518442258715943,0.0102680269628763,0
boundary,R,56,-0.14122775748267793,0.007948226985664279,49,-17.768460530556265,9.547913054812999e-23,0.0104580484330654,1
boundary,R,57,-0.03525769830067186,0.005411903580830969,49,-6.514842286835092,4.081048881473489e-08,0.0108443927019834,1
boundary,R,58,-0.17246411395350797,0.011889714792496604,49,-14.505319678681204,3.600110910246077e-19,0.0109784808009862,1
boundary,R,59,-0.3424902992690104,0.01663796087699923,49,-20.584872256940955,1.8296695035564514e-25,0.0112018398940563,1
boundary,R,60,-0.8820723481906677,0.029904889926351343,49,-29.495923588516895,2.049739519982714e-32,0.0112499464303255,1
boundary,R,61,-0.020902784958406858,0.004075935716527813,49,-5.128340192816734,5.199854787581092e-06,0.0114265698939561,1
boundary,R,62,-0.8625434148969209,0.025620927524713014,49,-33.66558115684699,4.788647498071426e-35,0.0116981286555528,1
boundary,R,63,-0.9876405372977595,0.026532478431482456,49,-37.223832664115605,4.5874398968634685e-37,0.0118494983762502,1
boundary,R,64,-0.18930370362173046,0.011833454056735004,49,-15.99733287627786,7.219734288968965e-21,0.0121008921414613,1
boundary,R,65,-0.011127936602935524,0.003711043295567445,49,-2.998600586586254,0.004288177469317863,0.0122096873819828,1
boundary,R,66,-0.5855933698153017,0.022643408240164902,49,-25.861538316328886,7.824308540248243e-30,0.012521605938673,1
boundary,R,67,-0.7421666653340689,0.02857493544407091,49,-25.97264539010754,6.45534679671839e-30,0.0128279495984315,1
boundary,R,68,-0.5025956211046947,0.017704488383733032,49,-28.388034164629232,1.167789564106351e-31,0.0129549652338027,1
boundary,R,69,-0.009089649015277024,0.00327985158528648,49,-2.7713598554439116,0.007919317018226034,0.0130439344793558,1
boundary,R,70,-0.566805555688852,0.023343060303171397,49,-24.281544421656044,1.3064326997935491e-28,0.0131426770240068,1
boundary,R,71,-0.007612725217661871,0.0027371653931811024,49,-2.781244142800756,0.007715100391338944,0.0135406553745269,1
boundary,R,72,-0.9875508069072182,0.02684283850271055,49,-36.79010350591264,7.902884155945306e-37,0.0137549825012683,1
boundary,R,73,-0.011079676603209077,0.003516172563357216,49,-3.1510616738987016,0.002800739412887287,0.0138666797429323,1
boundary,R,74,-0.07128691519099185,0.006328466023778003,49,-11.264485725789614,4.456665628330011e-15,0.0139644090086221,1
boundary,R,75,-0.6836123109983788,0.024243189243534555,49,-28.198118000530492,1.5832005400689668e-31,0.0142714828252792,1
boundary,R,76,-0.09231654612387288,0.008055952503056362,49,-11.459420358902161,2.434356278263965e-15,0.0145824085921049,1
boundary,R,77,-0.19041040834332085,0.013033096488039663,49,-14.60975973883555,2.715378651257666e-19,0.0147327147424221,1
boundary,R,78,-0.20286559334793858,0.011348081657219108,49,-17.876642015426913,7.407205993955705e-23,0.0147609356790781,1
boundary,R,79,-0.9555503766507413,0.026713722578118625,49,-35.770019466827826,2.9089438424861058e-36,0.0149750523269176,1
boundary,R,80,-0.11103908815842878,0.00787621455813377,49,-14.098027337734049,1.094941044462899e-18,0.0150899533182382,1
boundary,R,81,-0.08590409539727417,0.006096376905094516,49,-14.091007943666884,1.1163292201508613e-18,0.0154220629483461,1
boundary,R,82,-0.14882767253239268,0.007900881359088055,49,-18.836844368154246,8.173210831757595e-24,0.0154968649148941,1
boundary,R,83,-0.09478294527182769,0.011119609982124917,49,-8.523945122553211,3.5983289259071003e-11,0.0157812219113111,1
boundary,R,84,-0.5736596253423102,0.019507225174544195,49,-29.407546189137292,2.3498395651253993e-32,0.0159307047724723,1
boundary,R,85,-0.16436032499567663,0.010112793120734709,49,-16.252713076734594,3.7913668491384685e-21,0.0159959252923727,1
boundary,R,86,-0.007728400281644914,0.0032652051945907964,49,-2.3668957450049186,0.022019086193582203,0.0163249354809522,1
boundary,R,87,-0.015635387950399163,0.0033604438071675145,49,-4.652774707034331,2.6013031907581632e-05,0.0165493730455636,1
boundary,R,88,-0.6443311662049536,0.02176566434740512,49,-29.60310128469707,1.737599794651367e-32,0.0166782364249229,1
boundary,R,89,-0.040313808059779854,0.0049251551394602,49,-8.185286943915086,1.1574092713838306e-10,0.0169897153973579,1
boundary,R,90,-0.048153791616888666,0.005651083314934393,49,-8.52116115323062,3.632903285415732e-11,0.0170869976282119,1
boundary,R,91,-0.1522498944704551,0.010294091864734902,49,-14.79002679119533,1.67391473549892e-19,0.0171879101544618,1
boundary,R,92,-0.026741570519125044,0.008544889425802683,49,-3.1295396799839823,0.002976321609207249,0.0173780377954244,1
boundary,R,93,-0.3432248774298538,0.015392167504330466,49,-22.298670887858396,5.624658919959796e-27,0.0176062751561403,1
boundary,R,94,-0.16144524613661304,0.011610166553561835,49,-13.905506470713284,1.86536296095781e-18,0.017727717757225,1
boundary,R,95,-0.15294587729882025,0.009342760687181175,49,-16.370522848634145,2.8235073049904763e-21,0.0180606748908758,1
boundary,R,96,-0.014783813326262218,0.003728006039272665,49,-3.965608738430731,0.00024302542153834046,0.0183309633284807,1
boundary,R,97,-0.014507631598257933,0.0038612651069569975,49,-3.7572223601324204,0.000465353281633778,0.0185584239661693,1
boundary,R,98,-0.055518887462854466,0.010672714750793398,49,-5.201946155145508,4.0389737390708555e-06,0.0187302939593791,1
boundary,R,99,-0.13344159066480724,0.008326848269204401,49,-16.02546201764249,6.7229398907230424e-21,0.0188728664070367,1
boundary,R,100,-0.03536219582161845,0.005274331151718497,49,-6.70458391868259,2.087435408771093e-08,0.0190864745527505,1
boundary,R,101,-0.21699690177187156,0.010647397213292211,49,-20.380276740401175,2.8161023578107604e-25,0.019279059022665,1
boundary,R,102,-0.019902774879730866,0.003318888204637907,49,-5.996819914547942,2.535521540214394e-07,0.0194607581943273,1
boundary,R,103,-0.1086936953091879,0.007087218777589417,49,-15.336579654192361,3.9517290771199554e-20,0.0196548048406839,1
boundary,R,104,-0.008660972838495557,0.003578925631212611,49,-2.4199924030165016,0.019356326986171832,0.0198375191539526,1
boundary,R,105,-0.01921702470170483,0.002753379205203427,49,-6.979432642400968,7.906774794944373e-09,0.0199899114668369,1
boundary,R,106,-0.0056433351427601225,0.003591512130713327,49,-1.5712978092153271,0.12268274823026797,0.0203421004116535,0
boundary,R,107,-0.023450081134474547,0.0034191119951011125,49,-6.858529690771673,1.211739327386657e-08,0.0204064417630434,1
boundary,R,108,-0.08495652666561973,0.0071075148913210566,49,-11.953056443027595,5.381002075059925e-16,0.0205841325223445,1
boundary,R,109,-0.012561775715282393,0.0028801527760464137,49,-4.36149631358304,6.811795397305478e-05,0.0207765027880668,1
boundary,R,110,-0.5376324881230229,0.020709804435529507,49,-25.960288026702308,6.594684690389386e-30,0.0210340023040771,1
boundary,R,111,-1.4109312756821093,0.03753471564917239,49,-37.59003501904028,2.9115549493782306e-37,0.0211396422237157,1
boundary,R,112,-0.19908710173271135,0.00947047436356301,49,-21.021872198787115,7.367402844582019e-26,0.0213069375604391,1
boundary,R,113,-0.023049707489011268,0.0037138165906345564,49,-6.206474371173217,1.2119450917941477e-07,0.0215043816715478,1
boundary,R,114,-0.011327568194142129,0.0023781930616814115,49,-4.763098663711263,1.7974493452431396e-05,0.0218461286276578,1
boundary,R,115,-0.04066297033308039,0.005307420647152161,49,-7.661531473842985,7.176505783820281e-10,0.0219429824501276,1
boundary,R,116,-0.012275973094857751,0.0027494393683052147,49,-4.464900458024939,4.8514019753165016e-05,0.0221266504377126,1
boundary,R,117,-0.02271105914025697,0.0030952040423585622,49,-7.337499831820788,2.2381456729665572e-09,0.0223625842481851,1
boundary,R,118,-0.04001010875887202,0.005035312046838407,49,-7.945904521248834,2.6583343801134575e-10,0.0224539022892713,1
boundary,R,119,-0.043372979448254224,0.004695356468479876,49,-9.237419935934334,3.182261906775583e-12,0.0227182861417531,1
