metric,control_model,hemi,mode_k,beta_mean,beta_sem,N_subj,t,p,lam,sig_q05
boundary,boundary_plus_wordrate_content,L,0,-1761.199203576654,26.18582585030523,49,-67.25772995072924,3.7102636092910086e-49,,1
boundary,boundary_plus_wordrate_content,L,1,-0.6958811315845608,0.10867422161412267,49,-6.403368906155828,6.050083292917362e-08,0.0002292282879352,1
boundary,boundary_plus_wordrate_content,L,2,-33.774109173672464,0.681904524521553,49,-49.52908795753996,7.20464733785779e-43,0.0004418147727847,1
boundary,boundary_plus_wordrate_content,L,3,-91.05745884503226,0.8937501763429136,49,-101.8824513329051,9.39616455017538e-58,0.000503646209836,1
boundary,boundary_plus_wordrate_content,L,4,-7.402609286577195,0.31657401425666454,49,-23.38350260351906,6.944859774769828e-28,0.0007804138585925,1
boundary,boundary_plus_wordrate_content,L,5,-0.18447070260114345,0.04659988521002612,49,-3.958608519521716,0.0002484463687302285,0.0009679924696683,1
boundary,boundary_plus_wordrate_content,L,6,-10.994201396804359,0.3194543674230406,49,-34.41556140080933,1.7330889380025528e-35,0.001079499721527,1
boundary,boundary_plus_wordrate_content,L,7,-0.39367776931329285,0.09311438117309542,49,-4.227894384879858,0.00010516878861527692,0.0014691120013594,1
boundary,boundary_plus_wordrate_content,L,8,-15.711874048062525,0.3824872152518705,49,-41.078167900896105,4.666655339157414e-39,0.001516374759376,1
boundary,boundary_plus_wordrate_content,L,9,-1.3163078128461014,0.09325358236324831,49,-14.115359211817955,1.0438959639805538e-18,0.0017501721158623,1
boundary,boundary_plus_wordrate_content,L,10,-4.083435520012629,0.08365789211810226,49,-48.8111213015973,1.4328449826532443e-42,0.0018113795667886,1
boundary,boundary_plus_wordrate_content,L,11,-10.356526948665044,0.1649359072610415,49,-62.79122066654612,9.684868117027322e-48,0.0020164949819445,1
boundary,boundary_plus_wordrate_content,L,12,-3.441467739609887,0.09730536687845036,49,-35.36770735275906,4.909949348769938e-36,0.0022517880424857,1
boundary,boundary_plus_wordrate_content,L,13,-5.352036146731139,0.1018552886169823,49,-52.5454909548879,4.4370177555818223e-44,0.0023531662300229,1
boundary,boundary_plus_wordrate_content,L,14,-10.387740784242936,0.19627409539249627,49,-52.92466519063661,3.1600622743088573e-44,0.0027416236698627,1
boundary,boundary_plus_wordrate_content,L,15,-2.840973559232249,0.09950572648467138,49,-28.550854906525352,9.008970803319909e-32,0.0029593342915177,1
boundary,boundary_plus_wordrate_content,L,16,-0.08781120376975259,0.014374391600412326,49,-6.10886402783362,1.709421684278812e-07,0.0029743034392595,1
boundary,boundary_plus_wordrate_content,L,17,-4.6271437093429615,0.15073629316902507,49,-30.696945055922317,3.31715988386008e-33,0.0030919155105948,1
boundary,boundary_plus_wordrate_content,L,18,-0.3764739919294814,0.025307806535542553,49,-14.875804878655023,1.3315052594956372e-19,0.0034280661493539,1
boundary,boundary_plus_wordrate_content,L,19,-3.5059670557368845,0.12368897443687839,49,-28.345024863360546,1.2509147008424023e-31,0.0035447385162115,1
boundary,boundary_plus_wordrate_content,L,20,-1.9576204622598508,0.05711339067394713,49,-34.27603297859953,2.0905590503223818e-35,0.0037717577069997,1
boundary,boundary_plus_wordrate_content,L,21,-0.9585211064732869,0.03751450608829691,49,-25.550679095101003,1.3452578603127693e-29,0.0040091443806886,1
boundary,boundary_plus_wordrate_content,L,22,-0.778778271743387,0.03199147847397781,49,-24.34330355744118,1.1668927305146592e-28,0.0041310228407382,1
boundary,boundary_plus_wordrate_content,L,23,-0.06975509948235345,0.010662208251069649,49,-6.542275093469077,3.704089455850993e-08,0.0044047320261597,1
boundary,boundary_plus_wordrate_content,L,24,-0.09375292301724163,0.012671491924780256,49,-7.398728071940705,1.8045673372645177e-09,0.0045519033446908,1
boundary,boundary_plus_wordrate_content,L,25,-0.6387326975081918,0.029717901167670653,49,-21.493196774039106,2.809308899414189e-26,0.0046605272218585,1
boundary,boundary_plus_wordrate_content,L,26,-1.6308975910236563,0.05656517762583404,49,-28.832183676884707,5.771764632692922e-32,0.0048440368846058,1
boundary,boundary_plus_wordrate_content,L,27,-0.36486937380158985,0.021834569564037964,49,-16.710628195874214,1.215779116636531e-21,0.0049720155075192,1
boundary,boundary_plus_wordrate_content,L,28,-0.7401083560745096,0.028100669543143973,49,-26.33774810732515,3.448434032489825e-30,0.0052369954064488,1
boundary,boundary_plus_wordrate_content,L,29,-0.3901262844893743,0.02839215064754042,49,-13.74063871851041,2.954380481808038e-18,0.0054828114807605,1
boundary,boundary_plus_wordrate_content,L,30,-0.2468962280554306,0.024349586992853212,49,-10.139647466213555,1.605394849907345e-13,0.0056525152176618,1
boundary,boundary_plus_wordrate_content,L,31,-0.2815876539432444,0.021099835918858716,49,-13.345490222109529,9.016601074419178e-18,0.0058893002569675,1
boundary,boundary_plus_wordrate_content,L,32,-1.202098957556423,0.039563997619177706,49,-30.38365761537035,5.300946545884041e-33,0.0060744471848011,1
boundary,boundary_plus_wordrate_content,L,33,-4.0484736453513515,0.10728313297609167,49,-37.73634804507028,2.430748507786488e-37,0.006196467205882,1
boundary,boundary_plus_wordrate_content,L,34,-0.15608855142063247,0.013427750057213708,49,-11.62432654432512,1.465133075198344e-15,0.0063056014478206,1
boundary,boundary_plus_wordrate_content,L,35,-0.05736871798305164,0.008649318176449702,49,-6.632744548495714,2.6906462610963708e-08,0.0066964793950319,1
boundary,boundary_plus_wordrate_content,L,36,-2.630721215093397,0.05973397100517926,49,-44.04062162325186,1.7954338709423375e-40,0.0067823454737663,1
boundary,boundary_plus_wordrate_content,L,37,-0.051647194971135096,0.008201103613672692,49,-6.297590837046622,8.788515459767705e-08,0.006928913295269,1
boundary,boundary_plus_wordrate_content,L,38,-0.7732173747536565,0.028757858637248418,49,-26.88716793927598,1.3614797592162214e-30,0.0072302352637052,1
boundary,boundary_plus_wordrate_content,L,39,-0.9619353316071079,0.032957281263423926,49,-29.187338722465135,3.308197513425843e-32,0.0074026435613632,1
boundary,boundary_plus_wordrate_content,L,40,-0.141462638584584,0.013279045686765347,49,-10.653072662109576,3.0653272671632406e-14,0.0074999053031206,1
boundary,boundary_plus_wordrate_content,L,41,-3.989472446549668,0.08139617379520973,49,-49.01302187234326,1.1798003898903873e-42,0.0076058097183704,1
boundary,boundary_plus_wordrate_content,L,42,-0.02103122267412675,0.004216681179071907,49,-4.987624575106181,8.408630816692039e-06,0.0078272670507431,1
boundary,boundary_plus_wordrate_content,L,43,-0.041677007733792466,0.007834285676131666,49,-5.319822311403293,2.6906877868628706e-06,0.0081295762211084,1
boundary,boundary_plus_wordrate_content,L,44,-0.048233053965302246,0.009381692732220911,49,-5.141188838944646,4.975810486142908e-06,0.008332522585988,1
boundary,boundary_plus_wordrate_content,L,45,-0.6960255120589138,0.027838897038309975,49,-25.001906903893907,3.5514836217968444e-29,0.0084747318178415,1
boundary,boundary_plus_wordrate_content,L,46,-1.0606284874655443,0.0448415099049883,49,-23.65282725119738,4.184269961954376e-28,0.0086999479681253,1
boundary,boundary_plus_wordrate_content,L,47,-0.09486875261650576,0.008224719341766763,49,-11.534588436926152,1.9305573237786998e-15,0.0089640468358993,1
boundary,boundary_plus_wordrate_content,L,48,-6.206695887074849,0.13791106305035655,49,-45.00506159399663,6.502107491464261e-41,0.0091615673154592,1
boundary,boundary_plus_wordrate_content,L,49,-0.5285729916696114,0.018441819188571178,49,-28.661651340621553,7.556472504791177e-32,0.0093336086720228,1
boundary,boundary_plus_wordrate_content,L,50,-0.021042432347122744,0.0058178560451632244,49,-3.616870576338295,0.0007145054206528958,0.0094550773501396,1
boundary,boundary_plus_wordrate_content,L,51,-0.5313418421189424,0.02363648663922166,49,-22.479730182795024,3.9441489502845005e-27,0.0096245910972356,1
boundary,boundary_plus_wordrate_content,L,52,-0.08731329875028915,0.013717837012708223,49,-6.364946505006729,6.929072059189544e-08,0.0098703932017087,1
boundary,boundary_plus_wordrate_content,L,53,-0.8345506726033292,0.03945947946512878,49,-21.149561117268167,5.664112089657883e-26,0.0100258029997348,1
boundary,boundary_plus_wordrate_content,L,54,-0.3101315691908187,0.017162691661454482,49,-18.07010085063406,4.7176213905788824e-23,0.0101064685732126,1
boundary,boundary_plus_wordrate_content,L,55,-0.22611558102015641,0.015595932906715055,49,-14.498368412626286,3.6684970186411367e-19,0.0102680269628763,1
boundary,boundary_plus_wordrate_content,L,56,-0.17137296138551505,0.012239745388132621,49,-14.001350187535305,1.4299893919959688e-18,0.0104580484330654,1
boundary,boundary_plus_wordrate_content,L,57,-0.055860207837695734,0.00842323802401112,49,-6.631678658309512,2.7007992084641693e-08,0.0108443927019834,1
boundary,boundary_plus_wordrate_content,L,58,-0.32930651017756074,0.019164992518398174,49,-17.182710082533575,3.8515856891299585e-22,0.0109784808009862,1
boundary,boundary_plus_wordrate_content,L,59,-0.46304003727338666,0.02069711118526502,49,-22.37220610782826,4.868196541286198e-27,0.0112018398940563,1
boundary,boundary_plus_wordrate_content,L,60,-0.8282049678984996,0.033835602784981066,49,-24.477322693542288,9.139913550435284e-29,0.0112499464303255,1
boundary,boundary_plus_wordrate_content,L,61,-0.1193777555908346,0.010790341514876426,49,-11.063389923873208,8.359168767397813e-15,0.0114265698939561,1
boundary,boundary_plus_wordrate_content,L,62,-1.6103314320321462,0.051978792076586344,49,-30.98054740593932,2.1781367161356092e-33,0.0116981286555528,1
boundary,boundary_plus_wordrate_content,L,63,-2.1008531123442777,0.045891596781936564,49,-45.778601305309046,2.9223049339811105e-41,0.0118494983762502,1
boundary,boundary_plus_wordrate_content,L,64,-0.3110638040635223,0.015183292054930088,49,-20.48724367140909,2.246726269963853e-25,0.0121008921414613,1
boundary,boundary_plus_wordrate_content,L,65,-0.19751948005476352,0.014131338162758581,49,-13.977408068494322,1.5279958999078853e-18,0.0122096873819828,1
boundary,boundary_plus_wordrate_content,L,66,-0.29676552711180576,0.01724951199203001,49,-17.204285387837277,3.6564718841803036e-22,0.012521605938673,1
boundary,boundary_plus_wordrate_content,L,67,-0.29156039490051155,0.013268893239439899,49,-21.973226375346044,1.0709805124123148e-26,0.0128279495984315,1
boundary,boundary_plus_wordrate_content,L,68,-1.1450090680952003,0.05063176454117963,49,-22.614441319025055,3.0334416030002e-27,0.0129549652338027,1
boundary,boundary_plus_wordrate_content,L,69,-0.017688129291587137,0.005283499642667419,49,-3.3478055243431677,0.0015907949974070675,0.0130439344793558,1
boundary,boundary_plus_wordrate_content,L,70,-0.6150309036886917,0.023404773720941234,49,-26.278011102427268,3.818988130736229e-30,0.0131426770240068,1
boundary,boundary_plus_wordrate_content,L,71,-0.16574805528413303,0.013304215449638543,49,-12.458311120377727,1.185920470964504e-16,0.0135406553745269,1
boundary,boundary_plus_wordrate_content,L,72,-0.07476482575689865,0.007451724943207834,49,-10.033224028893601,2.2720094351246459e-13,0.0137549825012683,1
boundary,boundary_plus_wordrate_content,L,73,-0.05128428063241205,0.0072435507185687415,49,-7.079991930055174,5.544872443840848e-09,0.0138666797429323,1
boundary,boundary_plus_wordrate_content,L,74,-0.646766623834425,0.034675847910116867,49,-18.65178972727376,1.2415201566589745e-23,0.0139644090086221,1
boundary,boundary_plus_wordrate_content,L,75,-0.09436513782781504,0.008723207992420929,49,-10.81771040078412,1.815223132005189e-14,0.0142714828252792,1
boundary,boundary_plus_wordrate_content,L,76,-0.3725654322600249,0.0149222710846372,49,-24.96707305120526,3.7795489438464155e-29,0.0145824085921049,1
boundary,boundary_plus_wordrate_content,L,77,-0.4253513164072362,0.01816838159377742,49,-23.41162388139827,6.585491338688611e-28,0.0147327147424221,1
boundary,boundary_plus_wordrate_content,L,78,-1.7129829840047637,0.04269309136506549,49,-40.12318923821122,1.3987987847541579e-38,0.0147609356790781,1
boundary,boundary_plus_wordrate_content,L,79,-0.07270303437701099,0.007616958440763605,49,-9.544890515343612,1.1377853029894379e-12,0.0149750523269176,1
boundary,boundary_plus_wordrate_content,L,80,-0.045646099386946797,0.006108815446865278,49,-7.472168669028946,1.3941391851460062e-09,0.0150899533182382,1
boundary,boundary_plus_wordrate_content,L,81,-0.203725232730791,0.015513027867925503,49,-13.132525414462135,1.658491843605908e-17,0.0154220629483461,1
boundary,boundary_plus_wordrate_content,L,82,-0.2172065496132547,0.013551385597176894,49,-16.02836463147388,6.673696280401918e-21,0.0154968649148941,1
boundary,boundary_plus_wordrate_content,L,83,-0.32504717262629995,0.01752395905458756,49,-18.54872929192371,1.569154140115692e-23,0.0157812219113111,1
boundary,boundary_plus_wordrate_content,L,84,-0.4194321376389584,0.018309124865012277,49,-22.9083662234709,1.7183510655294544e-27,0.0159307047724723,1
boundary,boundary_plus_wordrate_content,L,85,-0.00999926625907718,0.004339076106043619,49,-2.3044689732797834,0.02556668900986285,0.0159959252923727,1
boundary,boundary_plus_wordrate_content,L,86,-0.3255038709206956,0.014845548456197805,49,-21.926025291763633,1.1766006108736167e-26,0.0163249354809522,1
boundary,boundary_plus_wordrate_content,L,87,-0.07543260226007044,0.009821035351937773,49,-7.680717924020808,6.710304943743651e-10,0.0165493730455636,1
boundary,boundary_plus_wordrate_content,L,88,-0.4557157063205135,0.01446358995703304,49,-31.507786633491914,1.0056841098690899e-33,0.0166782364249229,1
boundary,boundary_plus_wordrate_content,L,89,-0.10153712475850418,0.012355887121992898,49,-8.217712233528978,1.0344801556601437e-10,0.0169897153973579,1
boundary,boundary_plus_wordrate_content,L,90,-0.1451542714772596,0.010466177473557157,49,-13.868890704747987,2.065335837659247e-18,0.0170869976282119,1
boundary,boundary_plus_wordrate_content,L,91,-0.08786698334454328,0.012253398815823657,49,-7.17082539018273,4.025267735163849e-09,0.0171879101544618,1
boundary,boundary_plus_wordrate_content,L,92,-0.1603656194473976,0.012954294220793366,49,-12.379340527096367,1.498901822860467e-16,0.0173780377954244,1
boundary,boundary_plus_wordrate_content,L,93,-0.7213244972752164,0.031749044074718784,49,-22.719565841971118,2.4737257913677483e-27,0.0176062751561403,1
boundary,boundary_plus_wordrate_content,L,94,-0.12160829906540394,0.008372881654568282,49,-14.524067588970865,3.42205708049521e-19,0.017727717757225,1
boundary,boundary_plus_wordrate_content,L,95,-0.01647647452959157,0.003668473954215303,49,-4.491370181505332,4.445800993314452e-05,0.0180606748908758,1
boundary,boundary_plus_wordrate_content,L,96,-0.49344982809205024,0.021489941523437327,49,-22.9618971998544,1.5504014000440722e-27,0.0183309633284807,1
boundary,boundary_plus_wordrate_content,L,97,-0.16426941862452046,0.011183393994835275,49,-14.688690991338007,2.196004580455215e-19,0.0185584239661693,1
boundary,boundary_plus_wordrate_content,L,98,-0.24779125569078847,0.017994427255429758,49,-13.770444158816911,2.7180406910393386e-18,0.0187302939593791,1
boundary,boundary_plus_wordrate_content,L,99,-0.06199763126048608,0.0060665084007283585,49,-10.219656376482147,1.2376160591615632e-13,0.0188728664070367,1
boundary,boundary_plus_wordrate_content,L,100,-0.08163112099950583,0.007267987298886975,49,-11.231599291870927,4.9377147136971775e-15,0.0190864745527505,1
boundary,boundary_plus_wordrate_content,L,101,-0.6968462926810332,0.021347152948654215,49,-32.64352367536507,1.979367779215828e-34,0.019279059022665,1
boundary,boundary_plus_wordrate_content,L,102,-0.42041566396106866,0.021081793919621318,49,-19.942119990546818,7.174689149071782e-25,0.0194607581943273,1
boundary,boundary_plus_wordrate_content,L,103,-0.13182433267945126,0.012918186994280217,49,-10.204553683718862,1.2998378398161903e-13,0.0196548048406839,1
boundary,boundary_plus_wordrate_content,L,104,-0.047376477906810814,0.004952369351861872,49,-9.566426601238728,1.0591281357964955e-12,0.0198375191539526,1
boundary,boundary_plus_wordrate_content,L,105,-0.4065176274087717,0.01946788512017025,49,-20.881447825454224,9.852227395609665e-26,0.0199899114668369,1
boundary,boundary_plus_wordrate_content,L,106,-0.16706267355116028,0.01031603786956462,49,-16.194461057965366,4.388640843383196e-21,0.0203421004116535,1
boundary,boundary_plus_wordrate_content,L,107,-0.07042642210349342,0.006385892150124217,49,-11.028439010220916,9.329701357716132e-15,0.0204064417630434,1
boundary,boundary_plus_wordrate_content,L,108,-0.0854282218128946,0.007044289039806258,49,-12.127302177714755,3.1822810648119673e-16,0.0205841325223445,1
boundary,boundary_plus_wordrate_content,L,109,-0.029735002574862536,0.004842609725508007,49,-6.140284734951097,1.5303372177873296e-07,0.0207765027880668,1
boundary,boundary_plus_wordrate_content,L,110,-0.01883753890816335,0.0030167288519541394,49,-6.244359315210249,1.0603939579831941e-07,0.0210340023040771,1
boundary,boundary_plus_wordrate_content,L,111,-0.48356637619477205,0.020540768620849366,49,-23.541785856247888,5.153299036032565e-28,0.0211396422237157,1
boundary,boundary_plus_wordrate_content,L,112,-0.9313941092632526,0.030871215568444056,49,-30.170308882015817,7.312813131556771e-33,0.0213069375604391,1
boundary,boundary_plus_wordrate_content,L,113,-0.04245646225718038,0.006431961882968904,49,-6.600857254704854,3.011546421263944e-08,0.0215043816715478,1
boundary,boundary_plus_wordrate_content,L,114,-0.01565743164969413,0.003186628240218865,49,-4.913479222985467,1.0817502331170912e-05,0.0218461286276578,1
boundary,boundary_plus_wordrate_content,L,115,-0.04137080852281745,0.006703185805105277,49,-6.17181288504768,1.369437760366057e-07,0.0219429824501276,1
boundary,boundary_plus_wordrate_content,L,116,-0.015793311719146767,0.002631503558719529,49,-6.001630386102037,2.49299925349239e-07,0.0221266504377126,1
boundary,boundary_plus_wordrate_content,L,117,-0.08443311259090254,0.007885225115174,49,-10.707761840359252,2.5746903957507912e-14,0.0223625842481851,1
boundary,boundary_plus_wordrate_content,L,118,-0.02157844563726451,0.004362801232689219,49,-4.946007046019747,9.686883169985266e-06,0.0224539022892713,1
boundary,boundary_plus_wordrate_content,L,119,-0.3436200568822353,0.016075407656008796,49,-21.375511230273172,3.568160737245306e-26,0.0227182861417531,1
boundary,boundary_plus_wordrate_content,R,0,-1750.167918150973,26.112057135334588,49,-67.02527912987225,4.373520213709636e-49,,1
boundary,boundary_plus_wordrate_content,R,1,-0.6268195165014869,0.13254849435723276,49,-4.728982547414982,2.0156624989313027e-05,0.0002292282879352,1
boundary,boundary_plus_wordrate_content,R,2,-14.325114452843886,0.37861521652986313,49,-37.8355486716525,2.1515749493965495e-37,0.0004418147727847,1
boundary,boundary_plus_wordrate_content,R,3,-132.5876828328657,1.180097303965196,49,-112.35317832467148,8.749483139457041e-60,0.000503646209836,1
boundary,boundary_plus_wordrate_content,R,4,-5.344767574306664,0.25528621109817673,49,-20.936373928363874,8.791903901957147e-26,0.0007804138585925,1
boundary,boundary_plus_wordrate_content,R,5,-0.15628200953487292,0.04093885669450954,49,-3.8174492927603545,0.00038628932347535414,0.0009679924696683,1
boundary,boundary_plus_wordrate_content,R,6,-20.064764200982967,0.5120294540615205,49,-39.1867382663736,4.204991378905343e-38,0.001079499721527,1
boundary,boundary_plus_wordrate_content,R,7,-0.8648680816864812,0.13689555628542613,49,-6.317722102558525,8.185862849550228e-08,0.0014691120013594,1
boundary,boundary_plus_wordrate_content,R,8,-16.946410275870225,0.39773712619751,49,-42.60706169897478,8.455766613719475e-40,0.001516374759376,1
boundary,boundary_plus_wordrate_content,R,9,-0.14134120366779843,0.037769967240542116,49,-3.7421584924247275,0.0004874404650328174,0.0017501721158623,1
boundary,boundary_plus_wordrate_content,R,10,-4.233081279992336,0.10023086470343497,49,-42.23331099175149,1.2768680021094857e-39,0.0018113795667886,1
boundary,boundary_plus_wordrate_content,R,11,-14.90190054709217,0.2277526855404121,49,-65.43018586908386,1.3727963014074388e-48,0.0020164949819445,1
boundary,boundary_plus_wordrate_content,R,12,-4.2643889503824575,0.10983250806237785,49,-38.826291283092225,6.465844929622153e-38,0.0022517880424857,1
boundary,boundary_plus_wordrate_content,R,13,-2.802841227386131,0.07307721468330967,49,-38.35451637740485,1.1420288759495082e-37,0.0023531662300229,1
boundary,boundary_plus_wordrate_content,R,14,-9.779573735490969,0.18242475522047388,49,-53.60880832029417,1.7231196399624706e-44,0.0027416236698627,1
boundary,boundary_plus_wordrate_content,R,15,-2.303948153645664,0.07254582775842053,49,-31.75852043921631,6.992628231338746e-34,0.0029593342915177,1
boundary,boundary_plus_wordrate_content,R,16,-2.924853181884312,0.08609815425771968,49,-33.971148476996134,3.1571196664567886e-35,0.0029743034392595,1
boundary,boundary_plus_wordrate_content,R,17,-9.270977756007555,0.26074345337756694,49,-35.55593682569974,3.840728275151317e-36,0.0030919155105948,1
boundary,boundary_plus_wordrate_content,R,18,-0.35752870137824716,0.02783142225093998,49,-12.846224607374207,3.796975360608992e-17,0.0034280661493539,1
boundary,boundary_plus_wordrate_content,R,19,-0.7996346339175466,0.07224801628137999,49,-11.067911273899313,8.241321417389134e-15,0.0035447385162115,1
boundary,boundary_plus_wordrate_content,R,20,-1.5868830013863526,0.05297296280181718,49,-29.956470573926747,1.0116570214224282e-32,0.0037717577069997,1
boundary,boundary_plus_wordrate_content,R,21,-1.7697503756170307,0.06014558625626682,49,-29.42444301858697,2.2891842853360366e-32,0.0040091443806886,1
boundary,boundary_plus_wordrate_content,R,22,-2.8651033001064485,0.055427421082554426,49,-51.6910807709982,9.616727202783815e-44,0.0041310228407382,1
boundary,boundary_plus_wordrate_content,R,23,-0.9776169597082586,0.049160750383018016,49,-19.886127695194105,8.094938616239838e-25,0.0044047320261597,1
boundary,boundary_plus_wordrate_content,R,24,-0.3012996420808808,0.025601358160754074,49,-11.768892891892035,9.415056436533468e-16,0.0045519033446908,1
boundary,boundary_plus_wordrate_content,R,25,-0.016014412166412563,0.01045497111081778,49,-1.5317509724959848,0.13214873442871652,0.0046605272218585,0
boundary,boundary_plus_wordrate_content,R,26,-0.12909407125650552,0.01428141836397123,49,-9.039303237707854,6.207945341930444e-12,0.0048440368846058,1
boundary,boundary_plus_wordrate_content,R,27,-1.46577530164661,0.04897608630605009,49,-29.92838775411788,1.0558714085425132e-32,0.0049720155075192,1
boundary,boundary_plus_wordrate_content,R,28,-0.5537782646769395,0.03984877959597553,49,-13.896994344410679,1.9100229750331746e-18,0.0052369954064488,1
boundary,boundary_plus_wordrate_content,R,29,-0.10081441674796993,0.013750021078510033,49,-7.331946341924757,2.2823060749850766e-09,0.0054828114807605,1
boundary,boundary_plus_wordrate_content,R,30,-0.07249571211605545,0.013460922662158292,49,-5.385642123913046,2.1429656389450848e-06,0.0056525152176618,1
boundary,boundary_plus_wordrate_content,R,31,-0.13165226737177665,0.01241130344996732,49,-10.607448919647783,3.5464798179720105e-14,0.0058893002569675,1
boundary,boundary_plus_wordrate_content,R,32,-1.4843788035330592,0.05333713397904805,49,-27.830119333298907,2.870178511346386e-31,0.0060744471848011,1
boundary,boundary_plus_wordrate_content,R,33,-0.23012562670508271,0.020511022680906637,49,-11.219607636595459,5.125936898234357e-15,0.006196467205882,1
boundary,boundary_plus_wordrate_content,R,34,-0.37865927489956125,0.024929597300830636,49,-15.189145268982932,5.813459199268521e-20,0.0063056014478206,1
boundary,boundary_plus_wordrate_content,R,35,-0.27427476364961473,0.02239702866077534,49,-12.246033516488785,2.229810390909761e-16,0.0066964793950319,1
boundary,boundary_plus_wordrate_content,R,36,-0.3793100019865943,0.019818254522711517,49,-19.139425298626023,4.1538694315354784e-24,0.0067823454737663,1
boundary,boundary_plus_wordrate_content,R,37,-4.941926572101156,0.07686273580688965,49,-64.29548103150113,3.1496609634316527e-48,0.006928913295269,1
boundary,boundary_plus_wordrate_content,R,38,-1.6365171860757737,0.04886393877120952,49,-33.491307234528634,6.082413949200859e-35,0.0072302352637052,1
boundary,boundary_plus_wordrate_content,R,39,-2.556533657375873,0.06859736437542137,49,-37.268686350461095,4.337997241958114e-37,0.0074026435613632,1
boundary,boundary_plus_wordrate_content,R,40,-0.07648264641263007,0.010179537377756438,49,-7.513371538843623,1.2063785589077205e-09,0.0074999053031206,1
boundary,boundary_plus_wordrate_content,R,41,-3.3593044793038946,0.08378418789541332,49,-40.094731042774676,1.445859431341405e-38,0.0076058097183704,1
boundary,boundary_plus_wordrate_content,R,42,-0.20591780247674943,0.01761204495800115,49,-11.691873542668935,1.1912308978494649e-15,0.0078272670507431,1
boundary,boundary_plus_wordrate_content,R,43,-0.3203494554621474,0.018194790175584334,49,-17.606658409945595,1.398760030476115e-22,0.0081295762211084,1
boundary,boundary_plus_wordrate_content,R,44,-0.0654748261691351,0.008398645053173517,49,-7.7958796632791065,4.486014743242197e-10,0.008332522585988,1
boundary,boundary_plus_wordrate_content,R,45,-1.196386850706245,0.033838466235289154,49,-35.355823824502075,4.986877250672424e-36,0.0084747318178415,1
boundary,boundary_plus_wordrate_content,R,46,-0.044897464882074654,0.00805633594364606,49,-5.5729385164833865,1.118229608160378e-06,0.0086999479681253,1
boundary,boundary_plus_wordrate_content,R,47,-1.195236829951148,0.04426954692821545,49,-26.999075276041665,1.1289904446593236e-30,0.0089640468358993,1
boundary,boundary_plus_wordrate_content,R,48,-1.5243128962191679,0.05429016230693584,49,-28.077147524468337,1.9237022826929589e-31,0.0091615673154592,1
boundary,boundary_plus_wordrate_content,R,49,-2.2786230011069484,0.04721094494468899,49,-48.264719203915924,2.433766328185965e-42,0.0093336086720228,1
boundary,boundary_plus_wordrate_content,R,50,-0.40242536299804577,0.017273373225826755,49,-23.29743922839278,8.17390163297608e-28,0.0094550773501396,1
boundary,boundary_plus_wordrate_content,R,51,-0.2599942630875039,0.01555080659848525,49,-16.719021064336886,1.1909446235697403e-21,0.0096245910972356,1
boundary,boundary_plus_wordrate_content,R,52,-0.05344671230332487,0.008639821966593934,49,-6.18608954096251,1.3022375327401579e-07,0.0098703932017087,1
boundary,boundary_plus_wordrate_content,R,53,-0.05738788762928998,0.010791510825894138,49,-5.317873331655122,2.7088605228410992e-06,0.0100258029997348,1
boundary,boundary_plus_wordrate_content,R,54,-0.21784780358407818,0.014573400490952142,49,-14.948316538705463,1.0980323289185459e-19,0.0101064685732126,1
boundary,boundary_plus_wordrate_content,R,55,-0.013254328030442644,0.008775525750751908,49,-1.5103742393220123,0.1375035187849933,0.0102680269628763,0
boundary,boundary_plus_wordrate_content,R,56,-0.20056051935520658,0.010943439733872287,49,-18.327009078729503,2.6058446766445732e-23,0.0104580484330654,1
boundary,boundary_plus_wordrate_content,R,57,-0.05134524122780556,0.007130088391614718,49,-7.201206830505735,3.6165674745667613e-09,0.0108443927019834,1
boundary,boundary_plus_wordrate_content,R,58,-0.25032429382632615,0.01658008326146793,49,-15.09789123967062,7.391656817598919e-20,0.0109784808009862,1
boundary,boundary_plus_wordrate_content,R,59,-0.4939557514960076,0.023463133134174925,49,-21.052420777365946,6.917452056001145e-26,0.0112018398940563,1
boundary,boundary_plus_wordrate_content,R,60,-1.2732363690647732,0.04218513688176319,49,-30.18210827745823,7.183453732185945e-33,0.0112499464303255,1
boundary,boundary_plus_wordrate_content,R,61,-0.029578930544715998,0.005270188328807297,49,-5.612499724731856,9.742224975645232e-07,0.0114265698939561,1
boundary,boundary_plus_wordrate_content,R,62,-1.2462320838807612,0.03702345848036868,49,-33.66060695117296,4.821370552764086e-35,0.0116981286555528,1
boundary,boundary_plus_wordrate_content,R,63,-1.424305190017276,0.03804948025886997,49,-37.43297359982327,3.536605098761653e-37,0.0118494983762502,1
boundary,boundary_plus_wordrate_content,R,64,-0.2739090160034089,0.017166161029687238,49,-15.95633499707415,8.011528990304758e-21,0.0121008921414613,1
boundary,boundary_plus_wordrate_content,R,65,-0.015030505649942854,0.004605025824677253,49,-3.2639351487233585,0.0020288912857086266,0.0122096873819828,1
boundary,boundary_plus_wordrate_content,R,66,-0.842997714536616,0.03295846687405129,49,-25.577576704586377,1.28334325604781e-29,0.012521605938673,1
boundary,boundary_plus_wordrate_content,R,67,-1.0649345832001342,0.040917588039464776,49,-26.026328388980577,5.884016638921359e-30,0.0128279495984315,1
boundary,boundary_plus_wordrate_content,R,68,-0.7258130353954481,0.025450504548932076,49,-28.51861085897033,9.48300513078639e-32,0.0129549652338027,1
boundary,boundary_plus_wordrate_content,R,69,-0.010853127200704351,0.003955241151137434,49,-2.743986216259721,0.008511218093282853,0.0130439344793558,1
boundary,boundary_plus_wordrate_content,R,70,-0.8149957813247112,0.03401204810580601,49,-23.961973086401336,2.3530844668554676e-28,0.0131426770240068,1
boundary,boundary_plus_wordrate_content,R,71,-0.011841373149374317,0.003004129821181047,49,-3.9416982135342566,0.00026202842986271035,0.0135406553745269,1
boundary,boundary_plus_wordrate_content,R,72,-1.4265220302691946,0.03667425897955723,49,-38.89709212841517,5.940088586063193e-38,0.0137549825012683,1
boundary,boundary_plus_wordrate_content,R,73,-0.016453320087143904,0.004369700434101895,49,-3.765319919585187,0.00045388149587178466,0.0138666797429323,1
boundary,boundary_plus_wordrate_content,R,74,-0.10307473680153592,0.00873431295127006,49,-11.801127046466522,8.534150065285925e-16,0.0139644090086221,1
boundary,boundary_plus_wordrate_content,R,75,-0.9827950927346761,0.033440165238657935,49,-29.389660180223416,2.4158331662132592e-32,0.0142714828252792,1
boundary,boundary_plus_wordrate_content,R,76,-0.13483500381853675,0.011322638977598684,49,-11.908443260029888,6.159492765629513e-16,0.0145824085921049,1
boundary,boundary_plus_wordrate_content,R,77,-0.27105128928684297,0.018796196562917488,49,-14.420539196828404,4.5306357341174465e-19,0.0147327147424221,1
boundary,boundary_plus_wordrate_content,R,78,-0.2918337110869079,0.01618550954737993,49,-18.030554443319904,5.171862233294392e-23,0.0147609356790781,1
boundary,boundary_plus_wordrate_content,R,79,-1.382253390899456,0.03765761602104507,49,-36.705812447792226,8.790087765284746e-37,0.0149750523269176,1
boundary,boundary_plus_wordrate_content,R,80,-0.15778072113729924,0.011288132982605012,49,-13.977574624646875,1.5272910523722316e-18,0.0150899533182382,1
boundary,boundary_plus_wordrate_content,R,81,-0.12392609857049448,0.008869594115416334,49,-13.972014610578091,1.550999931636136e-18,0.0154220629483461,1
boundary,boundary_plus_wordrate_content,R,82,-0.21493272577014239,0.011323504022956551,49,-18.981114444292285,5.912791654807601e-24,0.0154968649148941,1
boundary,boundary_plus_wordrate_content,R,83,-0.13516986368920958,0.015357331529732345,49,-8.801650431750845,1.3913674240116507e-11,0.0157812219113111,1
boundary,boundary_plus_wordrate_content,R,84,-0.825732218995932,0.028108982566829786,49,-29.376097730778184,2.467131834845143e-32,0.0159307047724723,1
boundary,boundary_plus_wordrate_content,R,85,-0.2359080378723499,0.014448411347177224,49,-16.327610849648124,3.1429692813238485e-21,0.0159959252923727,1
boundary,boundary_plus_wordrate_content,R,86,-0.010422393961634071,0.004197194114133546,49,-2.4831813059438725,0.016567871959334884,0.0163249354809522,1
boundary,boundary_plus_wordrate_content,R,87,-0.023088304678430753,0.0044715217090339635,49,-5.163411066927101,4.610592019577973e-06,0.0165493730455636,1
boundary,boundary_plus_wordrate_content,R,88,-0.9331977653298619,0.03182545221374445,49,-29.32237251688892,2.6815026543969035e-32,0.0166782364249229,1
boundary,boundary_plus_wordrate_content,R,89,-0.056137150838363126,0.006792824395782679,49,-8.264184022365695,8.808428567426739e-11,0.0169897153973579,1
boundary,boundary_plus_wordrate_content,R,90,-0.07004436594107578,0.0077010201207902,49,-9.09546590483243,5.134425391060565e-12,0.0170869976282119,1
boundary,boundary_plus_wordrate_content,R,91,-0.21785514285829038,0.014737128731576178,49,-14.782740032086977,1.7068434438944198e-19,0.0171879101544618,1
boundary,boundary_plus_wordrate_content,R,92,-0.03827150643573731,0.01123614627759909,49,-3.4061061052611237,0.0013409024688768457,0.0173780377954244,1
boundary,boundary_plus_wordrate_content,R,93,-0.4962145120583329,0.02161239374036939,49,-22.95972015036275,1.5568939923242454e-27,0.0176062751561403,1
boundary,boundary_plus_wordrate_content,R,94,-0.23433003701377542,0.01693101041963632,49,-13.84028662235085,2.2366112379014055e-18,0.017727717757225,1
boundary,boundary_plus_wordrate_content,R,95,-0.2187163942618524,0.01332669009587843,49,-16.411906684128205,2.546693429171154e-21,0.0180606748908758,1
boundary,boundary_plus_wordrate_content,R,96,-0.017755134217974443,0.004701067382036771,49,-3.776830403626741,0.0004380418752154593,0.0183309633284807,1
boundary,boundary_plus_wordrate_content,R,97,-0.02027755869131828,0.004961035597363608,49,-4.08736407819653,0.00016516635143845086,0.0185584239661693,1
boundary,boundary_plus_wordrate_content,R,98,-0.07960038849864626,0.015305818534736174,49,-5.200661978187913,4.0568434061908975e-06,0.0187302939593791,1
boundary,boundary_plus_wordrate_content,R,99,-0.1942501694381213,0.011815585561433067,49,-16.440164427581824,2.373688039501997e-21,0.0188728664070367,1
boundary,boundary_plus_wordrate_content,R,100,-0.05021978795339213,0.0071928447365163595,49,-6.9819090767298535,7.837958153707294e-09,0.0190864745527505,1
boundary,boundary_plus_wordrate_content,R,101,-0.31554353036924776,0.014928203291481743,49,-21.13740844816212,5.807309668119095e-26,0.019279059022665,1
boundary,boundary_plus_wordrate_content,R,102,-0.029229721237725784,0.004512448177915456,49,-6.477574940534513,4.6552754299058205e-08,0.0194607581943273,1
boundary,boundary_plus_wordrate_content,R,103,-0.15568608970797296,0.00980109105296591,49,-15.884567224876536,9.616613366413246e-21,0.0196548048406839,1
boundary,boundary_plus_wordrate_content,R,104,-0.013068197536224872,0.00504576477386204,49,-2.589933958856042,0.012672451335308713,0.0198375191539526,1
boundary,boundary_plus_wordrate_content,R,105,-0.027237714686953924,0.003639466724222873,49,-7.483985086515644,1.3374748552294154e-09,0.0199899114668369,1
boundary,boundary_plus_wordrate_content,R,106,-0.008392678341663582,0.004780043431279811,49,-1.755774495006319,0.08550657021450234,0.0203421004116535,0
boundary,boundary_plus_wordrate_content,R,107,-0.032664623808387847,0.00454242710794057,49,-7.19100670900963,3.7489193961004615e-09,0.0204064417630434,1
boundary,boundary_plus_wordrate_content,R,108,-0.12128339683470363,0.010023142632782898,49,-12.100336319471255,3.4508915397439415e-16,0.0205841325223445,1
boundary,boundary_plus_wordrate_content,R,109,-0.017260154809271882,0.003661823788981792,49,-4.71354052076636,2.1227896901654937e-05,0.0207765027880668,1
boundary,boundary_plus_wordrate_content,R,110,-0.7750935493839644,0.02977519254912495,49,-26.03152097522685,5.831561870234344e-30,0.0210340023040771,1
boundary,boundary_plus_wordrate_content,R,111,-2.036485441277075,0.05532477763546893,49,-36.80964530386972,7.710580610736702e-37,0.0211396422237157,1
boundary,boundary_plus_wordrate_content,R,112,-0.2854766140796588,0.013674913337699865,49,-20.8759358856512,9.965584314826699e-26,0.0213069375604391,1
boundary,boundary_plus_wordrate_content,R,113,-0.03216304966067944,0.005005854115133114,49,-6.42508729198637,5.603435419589189e-08,0.0215043816715478,1
boundary,boundary_plus_wordrate_content,R,114,-0.01671384396192056,0.0030570567773914,49,-5.467299163538126,1.6146058929890816e-06,0.0218461286276578,1
boundary,boundary_plus_wordrate_content,R,115,-0.05652192281483519,0.007198308319116835,49,-7.852111955906038,3.6864107652801167e-10,0.0219429824501276,1
boundary,boundary_plus_wordrate_content,R,116,-0.017915789936877903,0.0035382114039761744,49,-5.063515966497785,6.4911711628539905e-06,0.0221266504377126,1
boundary,boundary_plus_wordrate_content,R,117,-0.0330714593827454,0.004267377680849962,49,-7.749831830249051,5.269190322478713e-10,0.0223625842481851,1
boundary,boundary_plus_wordrate_content,R,118,-0.05719173355206829,0.0069024268431376,49,-8.285742804927859,8.175853653227934e-11,0.0224539022892713,1
boundary,boundary_plus_wordrate_content,R,119,-0.06178205679570565,0.0066922048914278155,49,-9.231943402516496,3.2414059190398285e-12,0.0227182861417531,1
