subject,K,energy_subject
sub-EN057,1,0.8023455588029996
sub-EN057,2,0.8081527449489969
sub-EN057,3,0.8283417683566018
sub-EN057,5,0.8903673292645754
sub-EN057,10,0.9137793730937926
sub-EN057,20,0.9457050883976146
sub-EN057,40,0.9645125501175591
sub-EN057,60,0.9776259274225565
sub-EN057,80,0.9875731258419491
sub-EN057,100,0.9940067733878626
sub-EN057,120,1.0
sub-EN058,1,0.8187926510828177
sub-EN058,2,0.8228416961731414
sub-EN058,3,0.8370594545212682
sub-EN058,5,0.8956627367317567
sub-EN058,10,0.9188189976811145
sub-EN058,20,0.9473888447756617
sub-EN058,40,0.9663773409641876
sub-EN058,60,0.9792859927314459
sub-EN058,80,0.9892532909878793
sub-EN058,100,0.9950282736120928
sub-EN058,120,1.0
sub-EN059,1,0.8291097498028652
sub-EN059,2,0.8343594357722681
sub-EN059,3,0.8472849034177387
sub-EN059,5,0.9039208477386304
sub-EN059,10,0.9247849071400118
sub-EN059,20,0.9540419739672652
sub-EN059,40,0.9695046747477702
sub-EN059,60,0.9810499134906866
sub-EN059,80,0.9905355439535702
sub-EN059,100,0.9954709603509068
sub-EN059,120,1.0
sub-EN061,1,0.8203669283631477
sub-EN061,2,0.8252609745495403
sub-EN061,3,0.8412254790472544
sub-EN061,5,0.8977684631232743
sub-EN061,10,0.9193045216736739
sub-EN061,20,0.948066381227718
sub-EN061,40,0.9657350297489098
sub-EN061,60,0.9785996592160537
sub-EN061,80,0.9881395013050454
sub-EN061,100,0.9946002112095511
sub-EN061,120,1.0
sub-EN062,1,0.8210486015120377
sub-EN062,2,0.8232023264782646
sub-EN062,3,0.8391402138744466
sub-EN062,5,0.8971803961592928
sub-EN062,10,0.9199516447630399
sub-EN062,20,0.9482714513095838
sub-EN062,40,0.9667310220134375
sub-EN062,60,0.9793896146998955
sub-EN062,80,0.9894398696090716
sub-EN062,100,0.994987360269831
sub-EN062,120,1.0
sub-EN063,1,0.8178359819850196
sub-EN063,2,0.823419092450018
sub-EN063,3,0.8394627122521267
sub-EN063,5,0.8993033358532716
sub-EN063,10,0.9220965768554747
sub-EN063,20,0.9509145253930951
sub-EN063,40,0.9686099063834556
sub-EN063,60,0.9803912363826854
sub-EN063,80,0.9897779528750866
sub-EN063,100,0.9951147731833608
sub-EN063,120,1.0
sub-EN064,1,0.8274263528380061
sub-EN064,2,0.8325344136125016
sub-EN064,3,0.8442527834223558
sub-EN064,5,0.9009574009228728
sub-EN064,10,0.9240367851086625
sub-EN064,20,0.9516820655890125
sub-EN064,40,0.9683039298087969
sub-EN064,60,0.9801049145873589
sub-EN064,80,0.9897270461337578
sub-EN064,100,0.9951385018324701
sub-EN064,120,1.0
sub-EN065,1,0.8358922471434379
sub-EN065,2,0.8379556908768486
sub-EN065,3,0.8498300988064281
sub-EN065,5,0.9045746503566178
sub-EN065,10,0.9263658249996234
sub-EN065,20,0.9526991105137272
sub-EN065,40,0.9691321402556393
sub-EN065,60,0.9809115377093293
sub-EN065,80,0.9900473637910796
sub-EN065,100,0.9953320506002604
sub-EN065,120,1.0
sub-EN067,1,0.7896887583645712
sub-EN067,2,0.7965398829193812
sub-EN067,3,0.8166003142585576
sub-EN067,5,0.8787512436659188
sub-EN067,10,0.9029453675461832
sub-EN067,20,0.9356073014522767
sub-EN067,40,0.9585046401128368
sub-EN067,60,0.9739275765657553
sub-EN067,80,0.9856916872910859
sub-EN067,100,0.9932503903240537
sub-EN067,120,1.0
sub-EN068,1,0.795505705753854
sub-EN068,2,0.8013610396889321
sub-EN068,3,0.8166801237991419
sub-EN068,5,0.8764069691233651
sub-EN068,10,0.9023478485876905
sub-EN068,20,0.9365411206806772
sub-EN068,40,0.9593681899174497
sub-EN068,60,0.9743366855857167
sub-EN068,80,0.9859457064594656
sub-EN068,100,0.9935625901770861
sub-EN068,120,1.0
sub-EN069,1,0.806931776494596
sub-EN069,2,0.8123359894113168
sub-EN069,3,0.8277344969006832
sub-EN069,5,0.8868700831378001
sub-EN069,10,0.909925192382803
sub-EN069,20,0.941563130077778
sub-EN069,40,0.9617399137746031
sub-EN069,60,0.9761962574871522
sub-EN069,80,0.9873326165853806
sub-EN069,100,0.994160330920165
sub-EN069,120,1.0
sub-EN070,1,0.814401358119914
sub-EN070,2,0.8190756142336106
sub-EN070,3,0.8339970338819094
sub-EN070,5,0.8924974877791337
sub-EN070,10,0.9146685334797103
sub-EN070,20,0.9447683321401623
sub-EN070,40,0.9637357045912339
sub-EN070,60,0.9772799680708566
sub-EN070,80,0.9876279606002031
sub-EN070,100,0.9942670640903774
sub-EN070,120,1.0
sub-EN072,1,0.8174475857041824
sub-EN072,2,0.8204542927869635
sub-EN072,3,0.8353200777215958
sub-EN072,5,0.8906014701761849
sub-EN072,10,0.9135584487418823
sub-EN072,20,0.9425534323654315
sub-EN072,40,0.9631227837807675
sub-EN072,60,0.9772611254842991
sub-EN072,80,0.987904274312587
sub-EN072,100,0.9942426083814964
sub-EN072,120,1.0
sub-EN073,1,0.8109872516598425
sub-EN073,2,0.8167087684665619
sub-EN073,3,0.8316412862412754
sub-EN073,5,0.8886159255234162
sub-EN073,10,0.9113063318271828
sub-EN073,20,0.9427356845106475
sub-EN073,40,0.962849860266324
sub-EN073,60,0.9770575730555012
sub-EN073,80,0.9877781169498403
sub-EN073,100,0.9943157513738081
sub-EN073,120,1.0
sub-EN074,1,0.7930860860236215
sub-EN074,2,0.798933924829656
sub-EN074,3,0.8173615931836828
sub-EN074,5,0.8757303151462472
sub-EN074,10,0.9037610562994671
sub-EN074,20,0.936922354369079
sub-EN074,40,0.9595976235464517
sub-EN074,60,0.9743398228391551
sub-EN074,80,0.9862962507772912
sub-EN074,100,0.9938730278044103
sub-EN074,120,1.0
sub-EN075,1,0.7242324331492275
sub-EN075,2,0.7462575262244315
sub-EN075,3,0.7803656698595351
sub-EN075,5,0.8502894555138104
sub-EN075,10,0.8822169841016919
sub-EN075,20,0.924285988394274
sub-EN075,40,0.951689332828496
sub-EN075,60,0.9699372299578803
sub-EN075,80,0.9833199944114815
sub-EN075,100,0.9923962892446796
sub-EN075,120,1.0
sub-EN076,1,0.8204557090762159
sub-EN076,2,0.8244379006722509
sub-EN076,3,0.8392205443036601
sub-EN076,5,0.8968257243901933
sub-EN076,10,0.9183347568725689
sub-EN076,20,0.947955828170893
sub-EN076,40,0.9660518419155015
sub-EN076,60,0.9791216842604918
sub-EN076,80,0.9888037379760521
sub-EN076,100,0.9946689022290935
sub-EN076,120,1.0
sub-EN077,1,0.8078415189257213
sub-EN077,2,0.8127033849418194
sub-EN077,3,0.8271159689509244
sub-EN077,5,0.8857338952468656
sub-EN077,10,0.9095874028842496
sub-EN077,20,0.9413489868209499
sub-EN077,40,0.9618754311831107
sub-EN077,60,0.9765863147609033
sub-EN077,80,0.9872104672924805
sub-EN077,100,0.9940066737823438
sub-EN077,120,1.0
sub-EN078,1,0.7705434189876212
sub-EN078,2,0.7800153637248454
sub-EN078,3,0.7981967194759594
sub-EN078,5,0.8644890860544471
sub-EN078,10,0.8956960440705752
sub-EN078,20,0.9317992523199644
sub-EN078,40,0.95579855096195
sub-EN078,60,0.9724492167613958
sub-EN078,80,0.9850214595972369
sub-EN078,100,0.9930978121138099
sub-EN078,120,1.0
sub-EN079,1,0.8108323378791313
sub-EN079,2,0.8155442027588554
sub-EN079,3,0.8302002993901979
sub-EN079,5,0.8896898892017275
sub-EN079,10,0.9131845546784455
sub-EN079,20,0.9444255290274793
sub-EN079,40,0.9635175474953238
sub-EN079,60,0.976615595078662
sub-EN079,80,0.9873437348933839
sub-EN079,100,0.9942435750101022
sub-EN079,120,1.0
sub-EN081,1,0.8267685368093509
sub-EN081,2,0.8303097405595196
sub-EN081,3,0.8434626723680123
sub-EN081,5,0.8993536664896428
sub-EN081,10,0.9205845213349071
sub-EN081,20,0.9508334755317309
sub-EN081,40,0.9686004254060518
sub-EN081,60,0.980867310630666
sub-EN081,80,0.9900786690851702
sub-EN081,100,0.9954220985708591
sub-EN081,120,1.0
sub-EN082,1,0.7944501341376425
sub-EN082,2,0.8033069993344912
sub-EN082,3,0.8189939068912331
sub-EN082,5,0.881541428901064
sub-EN082,10,0.9070453111711827
sub-EN082,20,0.9387082470675756
sub-EN082,40,0.9596934555215627
sub-EN082,60,0.9752362487656951
sub-EN082,80,0.9864119401392016
sub-EN082,100,0.9935759045578381
sub-EN082,120,1.0
sub-EN083,1,0.821767706875827
sub-EN083,2,0.8260730060595068
sub-EN083,3,0.8418341742531106
sub-EN083,5,0.900539556651097
sub-EN083,10,0.921377923617632
sub-EN083,20,0.9501877603817602
sub-EN083,40,0.9680074007501916
sub-EN083,60,0.9800800277506211
sub-EN083,80,0.9894039872067487
sub-EN083,100,0.9951337780512173
sub-EN083,120,1.0
sub-EN084,1,0.8325696908003332
sub-EN084,2,0.8371469759329977
sub-EN084,3,0.8497013964150745
sub-EN084,5,0.9092289988030843
sub-EN084,10,0.9300447926997416
sub-EN084,20,0.9571133185960884
sub-EN084,40,0.9712120920666885
sub-EN084,60,0.9821114746696953
sub-EN084,80,0.9910083074984765
sub-EN084,100,0.9959069067816393
sub-EN084,120,1.0
sub-EN086,1,0.8365025233997306
sub-EN086,2,0.8395180929993818
sub-EN086,3,0.8507580093288715
sub-EN086,5,0.9043949800787102
sub-EN086,10,0.9257395183766189
sub-EN086,20,0.9526567302487066
sub-EN086,40,0.9688498826169847
sub-EN086,60,0.9811675093940563
sub-EN086,80,0.9903016170372064
sub-EN086,100,0.9953975051794954
sub-EN086,120,1.0
sub-EN087,1,0.8132422694835282
sub-EN087,2,0.8189292917352875
sub-EN087,3,0.8364997683703653
sub-EN087,5,0.8955023364006615
sub-EN087,10,0.9191716039808983
sub-EN087,20,0.948447215422981
sub-EN087,40,0.9665268755804394
sub-EN087,60,0.9791672435734196
sub-EN087,80,0.9888417711392228
sub-EN087,100,0.9949486552814256
sub-EN087,120,1.0
sub-EN088,1,0.8213379838176402
sub-EN088,2,0.8256911099989872
sub-EN088,3,0.8385967953814386
sub-EN088,5,0.8958887821970869
sub-EN088,10,0.9190980160790042
sub-EN088,20,0.9479186427152908
sub-EN088,40,0.9661960884274214
sub-EN088,60,0.9792346616590945
sub-EN088,80,0.9890835055738503
sub-EN088,100,0.9948603331468843
sub-EN088,120,1.0
sub-EN089,1,0.8163830242034197
sub-EN089,2,0.8205814687794537
sub-EN089,3,0.8340585774771855
sub-EN089,5,0.8942314931047038
sub-EN089,10,0.9176467626370884
sub-EN089,20,0.9475540372709302
sub-EN089,40,0.9653222188518283
sub-EN089,60,0.9782376842023278
sub-EN089,80,0.9885895602037092
sub-EN089,100,0.9945323927552424
sub-EN089,120,1.0
sub-EN091,1,0.769241673926275
sub-EN091,2,0.7834311678585462
sub-EN091,3,0.8070069634531453
sub-EN091,5,0.8729556330835366
sub-EN091,10,0.9027488561353889
sub-EN091,20,0.9387893220138545
sub-EN091,40,0.961150992613283
sub-EN091,60,0.9760010407511417
sub-EN091,80,0.9870195417563588
sub-EN091,100,0.9940245204386069
sub-EN091,120,1.0
sub-EN092,1,0.8169839214257463
sub-EN092,2,0.8229321478286672
sub-EN092,3,0.8372455729789827
sub-EN092,5,0.8957907608802808
sub-EN092,10,0.919522954941407
sub-EN092,20,0.9494348574516711
sub-EN092,40,0.9666735365856195
sub-EN092,60,0.9790033491367647
sub-EN092,80,0.9890445472836509
sub-EN092,100,0.9947601930445207
sub-EN092,120,1.0
sub-EN093,1,0.7471630966120091
sub-EN093,2,0.7648014703534521
sub-EN093,3,0.7917439681052636
sub-EN093,5,0.8560072237986603
sub-EN093,10,0.8865243747142899
sub-EN093,20,0.9263966140043843
sub-EN093,40,0.9535226837398647
sub-EN093,60,0.9711758319612596
sub-EN093,80,0.9841037130312904
sub-EN093,100,0.9922526840109112
sub-EN093,120,1.0
sub-EN094,1,0.7779429498893805
sub-EN094,2,0.7868866561103456
sub-EN094,3,0.8071227649969898
sub-EN094,5,0.8706276944285742
sub-EN094,10,0.8999094145072194
sub-EN094,20,0.9352533036517229
sub-EN094,40,0.9579358185598801
sub-EN094,60,0.9739177382305377
sub-EN094,80,0.985484359251633
sub-EN094,100,0.9932396420546712
sub-EN094,120,1.0
sub-EN095,1,0.7827392446432097
sub-EN095,2,0.7879971406214821
sub-EN095,3,0.8070905578183785
sub-EN095,5,0.8702613555176777
sub-EN095,10,0.9007900480733964
sub-EN095,20,0.9372485619033346
sub-EN095,40,0.9593123914066304
sub-EN095,60,0.9733646620617074
sub-EN095,80,0.985729936906833
sub-EN095,100,0.9933386369959274
sub-EN095,120,1.0
sub-EN096,1,0.7841089394450813
sub-EN096,2,0.7897254766855308
sub-EN096,3,0.8086774885384218
sub-EN096,5,0.8704474323908146
sub-EN096,10,0.9009034132540601
sub-EN096,20,0.936377029427133
sub-EN096,40,0.9589669108073795
sub-EN096,60,0.9742754112428966
sub-EN096,80,0.9859559267472826
sub-EN096,100,0.9936775684789535
sub-EN096,120,1.0
sub-EN097,1,0.8008291093824648
sub-EN097,2,0.8063263406836416
sub-EN097,3,0.8232169134004421
sub-EN097,5,0.8843083957399739
sub-EN097,10,0.9096108775729369
sub-EN097,20,0.9411115490938848
sub-EN097,40,0.9619796750425836
sub-EN097,60,0.9759642828971238
sub-EN097,80,0.9872036801967425
sub-EN097,100,0.9939088875846208
sub-EN097,120,1.0
sub-EN098,1,0.7913708075245242
sub-EN098,2,0.7967804042811207
sub-EN098,3,0.8171199551053446
sub-EN098,5,0.8789426372071271
sub-EN098,10,0.9033691050968867
sub-EN098,20,0.935966954294241
sub-EN098,40,0.9586896113374025
sub-EN098,60,0.9740670157456732
sub-EN098,80,0.986073278326795
sub-EN098,100,0.9937334997991485
sub-EN098,120,1.0
sub-EN099,1,0.7505781694279199
sub-EN099,2,0.7677822269446297
sub-EN099,3,0.794342545144021
sub-EN099,5,0.8642220540436988
sub-EN099,10,0.8991248308285553
sub-EN099,20,0.9351015985228075
sub-EN099,40,0.9582739711812953
sub-EN099,60,0.9729408895306041
sub-EN099,80,0.9850627816575189
sub-EN099,100,0.9932428686987945
sub-EN099,120,1.0
sub-EN100,1,0.7961286486141291
sub-EN100,2,0.8034507321943816
sub-EN100,3,0.8202995225789678
sub-EN100,5,0.88106324628503
sub-EN100,10,0.9057898833260681
sub-EN100,20,0.9384767943574052
sub-EN100,40,0.9594456999551482
sub-EN100,60,0.9739757863821212
sub-EN100,80,0.985692008300276
sub-EN100,100,0.993232642580631
sub-EN100,120,1.0
sub-EN101,1,0.7920426961106696
sub-EN101,2,0.7968884916887874
sub-EN101,3,0.8114283380745388
sub-EN101,5,0.8711472134845543
sub-EN101,10,0.8969452785673518
sub-EN101,20,0.9317853748097286
sub-EN101,40,0.956105452660696
sub-EN101,60,0.972461767694409
sub-EN101,80,0.9850048944357683
sub-EN101,100,0.9930778326603189
sub-EN101,120,1.0
sub-EN103,1,0.7928112789189667
sub-EN103,2,0.7999081958250429
sub-EN103,3,0.8201000344408711
sub-EN103,5,0.8827489351672387
sub-EN103,10,0.9090312015770691
sub-EN103,20,0.9409603067069175
sub-EN103,40,0.9615110744667893
sub-EN103,60,0.9758335858992103
sub-EN103,80,0.9867811452763012
sub-EN103,100,0.9934812799801939
sub-EN103,120,1.0
sub-EN104,1,0.8046099886376767
sub-EN104,2,0.8081865939288815
sub-EN104,3,0.8244927462629802
sub-EN104,5,0.8833640519302529
sub-EN104,10,0.9077746477227695
sub-EN104,20,0.9384860919916354
sub-EN104,40,0.9587228111996607
sub-EN104,60,0.9744938741369172
sub-EN104,80,0.9858984815158875
sub-EN104,100,0.9933154635914241
sub-EN104,120,1.0
sub-EN105,1,0.8194933496547882
sub-EN105,2,0.8229354060279753
sub-EN105,3,0.8364556603334524
sub-EN105,5,0.8946066244341276
sub-EN105,10,0.9167723289422772
sub-EN105,20,0.9470219421053646
sub-EN105,40,0.9654060487530326
sub-EN105,60,0.978389456563848
sub-EN105,80,0.9884883619225538
sub-EN105,100,0.9946602399270288
sub-EN105,120,1.0
sub-EN106,1,0.7402141374724425
sub-EN106,2,0.7505561814264161
sub-EN106,3,0.7703103098242592
sub-EN106,5,0.8402512810482184
sub-EN106,10,0.8759506771000206
sub-EN106,20,0.9160740813552708
sub-EN106,40,0.9449716967746489
sub-EN106,60,0.9653285189095011
sub-EN106,80,0.9806690415568031
sub-EN106,100,0.9913142976401432
sub-EN106,120,1.0
sub-EN108,1,0.7918545720599343
sub-EN108,2,0.7974232848247831
sub-EN108,3,0.8142679944669831
sub-EN108,5,0.8792204759182508
sub-EN108,10,0.9030663981223136
sub-EN108,20,0.9363771560339682
sub-EN108,40,0.9581018341570614
sub-EN108,60,0.9731275344755512
sub-EN108,80,0.9850459254481585
sub-EN108,100,0.9927437701460106
sub-EN108,120,1.0
sub-EN109,1,0.8062468946924582
sub-EN109,2,0.8100592723728807
sub-EN109,3,0.8251350174530443
sub-EN109,5,0.881666224532878
sub-EN109,10,0.9055178576450564
sub-EN109,20,0.938524031100961
sub-EN109,40,0.9601631933239813
sub-EN109,60,0.9754173774416566
sub-EN109,80,0.9865136175393885
sub-EN109,100,0.9935091653780587
sub-EN109,120,1.0
sub-EN110,1,0.8045913781758625
sub-EN110,2,0.8100150088972158
sub-EN110,3,0.8239282009226695
sub-EN110,5,0.8786684155351886
sub-EN110,10,0.9032137347269364
sub-EN110,20,0.93652244284027
sub-EN110,40,0.9583543837959793
sub-EN110,60,0.9732275923990188
sub-EN110,80,0.9858526218438889
sub-EN110,100,0.993253006951329
sub-EN110,120,1.0
sub-EN113,1,0.8235052916541526
sub-EN113,2,0.8263620857084473
sub-EN113,3,0.838943511586295
sub-EN113,5,0.8928043587240698
sub-EN113,10,0.9142486338670702
sub-EN113,20,0.9439143655475759
sub-EN113,40,0.9633242111363427
sub-EN113,60,0.9774501821135263
sub-EN113,80,0.9879519737384995
sub-EN113,100,0.9943125507651271
sub-EN113,120,1.0
sub-EN114,1,0.8039658528555355
sub-EN114,2,0.8122098409997746
sub-EN114,3,0.828871609214563
sub-EN114,5,0.8897521711188747
sub-EN114,10,0.9139709901586406
sub-EN114,20,0.9450870304787531
sub-EN114,40,0.9649132305226513
sub-EN114,60,0.9779143722411082
sub-EN114,80,0.988522095855453
sub-EN114,100,0.9944749589416253
sub-EN114,120,1.0
sub-EN115,1,0.8134652590961766
sub-EN115,2,0.8180089705544966
sub-EN115,3,0.830631343636187
sub-EN115,5,0.8926159936669686
sub-EN115,10,0.9157723476641446
sub-EN115,20,0.947499511747968
sub-EN115,40,0.966077678990389
sub-EN115,60,0.9790329869076468
sub-EN115,80,0.9888825945933113
sub-EN115,100,0.9945002811107467
sub-EN115,120,1.0
